YWCA of the City of New York,2127554500,,,,,,,,,,,,,,
RightRides for Women's Safety,7185220822,40.693244,-73.99066,,,,,,,,,,,,
Charles B. Wang Community Health Center,2129660228,,,,,,,,,,,,,,
American-Italian Cancer Foundation's Mobile Mammography Program,2126289090,40.770141,-73.96367,,,,,,,,,,,,
QHC-Diabetes Center,7188833172,40.71725,-73.803433,,,,,,,,,,,,
Legal Momentum,2129256635,40.729135,-74.007043,,,,,,,,,,,,
Young Mothers Program/BBBS,2126862042,40.742923,-73.979253,,,,,,,,,,,,
Shorefront YM-YWHA,7186461444,40.575607,-73.959463,,,,,,,,,,,,
Federally Employed Women (FEW),6312584081,,,,,,,,,,,,,,
Sauti Yetu Center for African,7186652486,,,,,,,,,,,,,,
National Latina Institute for Reproductive Health,2124222553,,,,,,,,,,,,,,
American Menopause Foundation,2127142398,,,,,,,,,,,,,,
Scenarios USA,7182305125,40.685488,-73.974421,,,,,,,,,,,,
Grace Institute,2128327605,40.764111,-73.961803,,,,,,,,,,,,
Bronx EOC,7185307008,40.840948,-73.900334,,,,,,,,,,,,
Committed to Communities,7177334161,,,,,,,,,,,,,,
Institute for Human Identity,2122432830,,,,,,,,,,,,,,
"African American Planning Commission Inc.",7182187254,,,,,,,,,,,,,,
The Family Center,2127664522,40.753785,-73.993229,,,,,,,,,,,,
Midtown Community Court/Fund for the City of New York,6462641300,40.765082,-73.984997,,,,,,,,,,,,
"New York City Office of the Public Advocate Betsy Gotbaum",2126697250,40.713001,-74.004181,,,,,,,,,,,,
League of Women Voters of the City of New York,2127253541,40.70932,-74.010392,,,,,,,,,,,,
Girls Incorporated of New York City,2125317620,40.705198,-74.009648,,,,,,,,,,,,
Schervier Nursing Care Center,8002605006,,,,,,,,,,,,,,
US Department of Commerce/Harlem US Export Assistance Center,2128606200,40.808644,-73.947524,,,,,,,,,,,,
New York City Department of Transportation,2124427760,40.717363,-74.006897,,,,,,,,,,,,
Indochina Sino-American Senior Citizen Center,2122260317,40.721238,-73.991385,,,,,,,,,,,,
Girls Incorporated,2125092000,40.70438,-74.006427,,,,,,,,,,,,
St. Luke's Roosevelt Hospital,2125238212,40.770297,-73.987689,,,,,,,,,,,,
Flatbush Development Corporation,7188593800,40.63604,-73.962241,,,,,,,,,,,,
Women's HIV Collaborative of New York,2123671012,40.73419,-73.989294,,,,,,,,,,,,
New York Women's Agenda,2129372411,,,,,,,,,,,,,,
Spence-Chapin Services to Families and Children,2123690300,40.780488,-73.946119,,,,,,,,,,,,
ICD-International Center for the Disabled,2125856000,40.737826,-73.978717,,,,,,,,,,,,
West Brighton Community Local Development Corp./BOC Women's Business Center,7188164775,40.63412,-74.122617,,,,,,,,,,,,
Hunger Action Network of New York State,2127418192,,,,,,,,,,,,,,
"Identity House Inc.",2122438181,,,,,,,,,,,,,,
"Imeinu Inc.",7182535364,40.617337,-73.936994,,,,,,,,,,,,
Institute for Labor and the Community,2125053184,40.728694,-73.980372,,,,,,,,,,,,
International Association of Administrative Professionals,2128395313,,,,,,,,,,,,,,
International Sheet Metal Workers Local Union 28,2127328199,40.745492,-73.982515,,,,,,,,,,,,
International Women's Health Coalition,2129798500,40.747629,-73.99306,,,,,,,,,,,,
"International Women's Tribune Centre Inc.",2126878633,,,,,,,,,,,,,,
International Women's Writing Guild,2127377536,,,,,,,,,,,,,,
Iris House-A Center for Women Living with HIV/AIDS,2124239049,,,,,,,,,,,,,,
"Isabella Geriatric Center Inc.",2123429324,40.854783,-73.927909,,,,,,,,,,,,
"Jewish Community Center of Staten Island Inc.",7184755200,40.594454,-74.125677,,,,,,,,,,,,
Jewish Foundation for Education of Women,2122652565,,,,,,,,,,,,,,
Jewish Guild for the Blind,8002844422,,,,,,,,,,,,,,
Jewish Institute of Queens,7186426800,40.731256,-73.871561,,,,,,,,,,,,
Jewish Women's Foundation,2128361478,,,,,,,,,,,,,,
Junior League of Brooklyn,7186243288,,,,,,,,,,,,,,
"Kings Bay YM-YWHA Inc.",7186487703,40.598817,-73.94157,,,,,,,,,,,,
Marymount Manhattan College,2125170567,,,,,,,,,,,,,,
"Kingsbridge Heights Community CenterINc.",7188840700,40.877505,-73.90033,,,,,,,,,,,,
Kips Bay Boys & Girls Club,7188938600,40.817841,-73.856704,,,,,,,,,,,,
Kiwanis International,7188680229,,,,,,,,,,,,,,
Kingsborough Community College Women's Center,7183684700,,,,,,,,,,,,,,
La Asociacion Benefica Cultural Father Billini,7186518427,40.754876,-73.863206,,,,,,,,,,,,
"Lambda Legal Defense and Education FundInc.",2122135545,,,,,,,,,,,,,,
Lawyers Alliance for New York,2122191800,40.747549,-73.993143,,,,,,,,,,,,
League for the Hard of Hearing,9173057700,,,,,,,,,,,,,,
Learning Disabilities Association of New York City,2126456730,,,,,,,,,,,,,,
Learning Leaders,2122133370,,,,,,,,,,,,,,
Legal Action Center,2122431313,40.729165,-74.00525,,,,,,,,,,,,
"Legal Outreach Inc",2126909989,40.824307,-73.945426,,,,,,,,,,,,
"Life Force: Women Fighting AIDS Inc.",7187970937,,,,,,,,,,,,,,
Lifeline Center For Child Development,7187404300,,,,,,,,,,,,,,
Lighthouse International,2128219235,,,,,,,,,,,,,,
"Lincoln Square Neighborhood Center Inc.",2128740860,40.77501,-73.98689,,,,,,,,,,,,
"Little Shepherds Community Services Inc.",7182952277,40.86065,-73.908052,,,,,,,,,,,,
"Loisaida Inc.",2123530272,40.720462,-73.978369,,,,,,,,,,,,
Long Island University: Brooklyn Campus,5162993834,,,,,,,,,,,,,,
"National Council of Jewish Women Inc.",2126454048,,,,,,,,,,,,,,
Lutheran Social Services of New York,2128701100,,,,,,,,,,,,,,
Madison Square Boys & Girls Club,2127609600,40.748342,-73.984643,,,,,,,,,,,,
National Council for Research on Women,2127857335,40.705371,-74.008516,,,,,,,,,,,,
"MADRE Inc.",2126270444,,,,,,,,,,,,,,
Make the Road New York,7184187690,40.698448,-73.915629,,,,,,,,,,,,
Malcolm X Day Care Center,7186517880,,,,,,,,,,,,,,
Maspeth Town Hall Community Center,7183356049,,,,,,,,,,,,,,
MercyFirst,7182321500,,,,,,,,,,,,,,
Metropolitan Council on Housing,2129796238,,,,,,,,,,,,,,
"Mid Bronx Community Preservation Coalition Inc.",7185900655,40.836098,-73.903825,,,,,,,,,,,,
"Mid-Bronx Council Services Inc.",7185888200,40.827412,-73.922277,,,,,,,,,,,,
Midtown Pregnancy Support Center,2126891705,,,,,,,,,,,,,,
Midwood Development Corporation,7183760999,40.617962,-73.960396,,,,,,,,,,,,
Momentum Project,2126918100,,,,,,,,,,,,,,
"Morningside Center for Teaching Social Responsibility Inc.",2128703318,40.811101,-73.964168,,,,,,,,,,,,
"Mosholu Montefiore Community Center Inc.",7188824000,40.881486,-73.881226,,,,,,,,,,,,
Mount Hope Housing Company,7185837017,40.852399,-73.907445,,,,,,,,,,,,
Ms. Foundation for Women,2126814549,40.70438,-74.006427,,,,,,,,,,,,
Mt. Sinai School of Medicine,2126506088,40.790443,-73.953793,,,,,,,,,,,,
Municipal Art Society of New York,2129353960,,,,,,,,,,,,,,
"NA'AMAT USA New York Council",2122135545,,,,,,,,,,,,,,
National Coalition Against Censorship,2128076222,40.745743,-73.994435,,,,,,,,,,,,
NARAL Pro-Choice New York,2123430114,40.745492,-73.982515,,,,,,,,,,,,
"National Council of Negro Women of Greater New York New York City Chapter",7186578585,,,,,,,,,,,,,,
"National Council of Women of the United States Inc.",2126971278,,,,,,,,,,,,,,
National Council of Young Israel. Young Israel of Forest Hills.,7185202305,,,,,,,,,,,,,,
National League for Nursing,2123635555,,,,,,,,,,,,,,
National Multiple Sclerosis Society,2124637787,,,,,,,,,,,,,,
National Organization for Women- Bronx,7183672435,,,,,,,,,,,,,,
National Organization for Women-Brooklyn,7189517441,,,,,,,,,,,,,,
National Organization for Women-New York City,2126279895,,,,,,,,,,,,,,
National Organization of Italian-American Women,2122378574,,,,,,,,,,,,,,
National Society For Hebrew Day Schools,7187874412,40.709493,-74.01024,,,,,,,,,,,,
National Urban League,2125585300,,,,,,,,,,,,,,
"Natl Sorority Phi Delta Kappa Beta Omicron Big Sr EASC Inc.",7187231119,40.686108,-73.773594,,,,,,,,,,,,
Neighborhood Association for Inter-Cultural Affairs (NAICA),7185383344,40.831157,-73.920332,,,,,,,,,,,,
Neighborhood Defender Service of Harlem,2128765500,40.808291,-73.945122,,,,,,,,,,,,
Neighborhood Initiatives Development Corporation,7182319800,40.863727,-73.868431,,,,,,,,,,,,
"Neighborhood Self-Help by Older Persons Projects Inc.",7185420006,40.82148,-73.891688,,,,,,,,,,,,
Neighborhood Women of Williamsburg/Greenpoint,7183886666,,,,,,,,,,,,,,
"New Images for the Widowed Inc.",2129722084,,,,,,,,,,,,,,
New Life Child Development Corporation,7188213432,40.696412,-73.912941,,,,,,,,,,,,
"New York Academy of Sciences Women in Sciences",2128380230,,,,,,,,,,,,,,
New York AIDS Coalition,2126293075,,,,,,,,,,,,,,
"New York Association for New Americans Inc. (NYANA)",2124252900,40.705137,-74.015585,,,,,,,,,,,,
New York Cares,2122285000,,,,,,,,,,,,,,
New York Center for Interpersonal Development,7188766068,40.642891,-74.076874,,,,,,,,,,,,
New York City Coalition Against Hunger,2128250028,,,,,,,,,,,,,,
Sanctuary For Families,2123496009,,,,,,,,,,,,,,
New York City Mission Society,2126743500,40.739265,-73.986215,,,,,,,,,,,,
New York Coalition of 100 Black Women,2125175700,,,,,,,,,,,,,,
"New York Counties Registered Nurses Association Inc.",2126737110,,,,,,,,,,,,,,
New York Families for Autistic Children,7186413441,,,,,,,,,,,,,,
New York Junior League,2122886220,40.775871,-73.958966,,,,,,,,,,,,
New York Junior Tennis League,7187867110,40.741828,-73.907281,,,,,,,,,,,,
New York Public Interest Research Group: Small Claims Court Action Center,2123496460,,,,,,,,,,,,,,
New York Public Library: Research Libraries,2129300830,,,,,,,,,,,,,,
New York Society for the Deaf,2123660049,,,,,,,,,,,,,,
"New York Women in Communications Inc.",2126614737,,,,,,,,,,,,,,
NFB of New York,7185677821,,,,,,,,,,,,,,
Nonprofit Connection,2123831433,40.706449,-74.012761,,,,,,,,,,,,
Nontraditional Employment for Women,2126276252,40.742774,-73.998282,,,,,,,,,,,,
"Riverdale Community Center Inc.",7187964724,40.888338,-73.913486,,,,,,,,,,,,
North Brooklyn Development Corporation,7183899044,40.73292,-73.955821,,,,,,,,,,,,
North General Hospital,2124234796,,,,,,,,,,,,,,
NYCHA Women in Government (WiGo),2123603810,40.712982,-74.007301,,,,,,,,,,,,
"NYSARC Inc. NYC Chapter Assn. for Help of Retarded Children",2127802617,40.736787,-73.989305,,,,,,,,,,,,
On Our Way Learning Center,7188682961,,,,,,,,,,,,,,
OPUS Dance Theatre and Community Services Inc.,2129968413,40.800187,-73.946797,,,,,,,,,,,,
Outreach Project,7188479233,,,,,,,,,,,,,,
Ozanam Hall of Queens Nursing Home,7184232000,,,,,,,,,,,,,,
Palladia,2129798800,,,,,,,,,,,,,,
Parker Jewish Institute for Health Care and Rehabilitation,7182892100,,,,,,,,,,,,,,
"Partners Anonymous Inc.",2129277738,,,,,,,,,,,,,,
Peninsula Hospital Center,7187342000,,,,,,,,,,,,,,
Philippine Forum,2127416806,,,,,,,,,,,,,,
Phoenix House - First Step Detoxification,,,,,,,,,,,,,,,
Phoenix House - Impact Program,,,,,,,,,,,,,,,
Planned Parenthood Federation of America,2125417800,40.753212,-73.997979,,,,,,,,,,,,
Pride Senior Network,2126751936,,,,,,,,,,,,,,
PSCH,7184454700,,,,,,,,,,,,,,
Prevent Child Abuse New York,8003427472,,,,,,,,,,,,,,
Project Inform,8008227422,,,,,,,,,,,,,,
Queens Borough Public Library (Central),7189900809,40.707865,-73.795295,,,,,,,,,,,,
Queens Child Guidance Center Incorporated,7186517770,40.741499,-73.904485,,,,,,,,,,,,
Queens County Mental Health Society,7184642552,,,,,,,,,,,,,,
Queens County Neuropsychiatric Institute,7183353434,,,,,,,,,,,,,,
Queens Federation of Churches,7188476764,,,,,,,,,,,,,,
Queens Historical Society,7189390647,,,,,,,,,,,,,,
Queens Interagency Council on the Aging,7182685954,,,,,,,,,,,,,,
Queens Intergroup of Alcoholics Anonymous,7185205021,,,,,,,,,,,,,,
Queens Lesbian and Gay Pride Committee,9172972415,,,,,,,,,,,,,,
Search and Care,2122895300,,,,,,,,,,,,,,
Service Corps of Retired Executives. New York Chapter.,2122644507,,,,,,,,,,,,,,
Services Now for Adult Persons,7184542100,,,,,,,,,,,,,,
Queens Museum of Art,7185929700,,,,,,,,,,,,,,
Queens Pride House,7184295309,,,,,,,,,,,,,,
Queensbridge Day Care Center,7189377640,,,,,,,,,,,,,,
"Redstockings Inc.",2129296720,,,,,,,,,,,,,,
Reproductive Freedom Project,2125492633,,,,,,,,,,,,,,
Samaritan Village - Veterans Program,7186576195,,,,,,,,,,,,,,
Seamen's Society for Children and Families,7182739562,40.640901,-74.075766,,,,,,,,,,,,
Sexual Compulsives Anonymous New York,2124391123,,,,,,,,,,,,,,
"Sexuality Information & Education Council of the U.S. Inc.",2128199770,,,,,,,,,,,,,,
Shalom Task Force,7183373700,,,,,,,,,,,,,,
Sjogren's Syndrome Foundation,2127247110,,,,,,,,,,,,,,
Society for Accessible Travel & Hospitality,2124477284,,,,,,,,,,,,,,
Socrates Sculpture Park,7189561819,,,,,,,,,,,,,,
South Asian Marrow Association of Recruiters,7185920821,,,,,,,,,,,,,,
Spina Bifida Association of Nassau County,6318219028,,,,,,,,,,,,,,
Sprout,2122229575,,,,,,,,,,,,,,
St. George's Society of New York,2126826110,,,,,,,,,,,,,,
Stepfamily Foundation,2128773244,,,,,,,,,,,,,,
Teachers and Writers Collaborative,2126916590,,,,,,,,,,,,,,
"The East New York Learning Center Inc",7183454775,40.678793,-73.920384,,,,,,,,,,,,
St. Mary's Hospital for Children,7182818750,,,,,,,,,,,,,,
"The Learning Tree Cultural Center Inc.",7189440958,40.873827,-73.862622,,,,,,,,,,,,
The Northern Manhattan Perinatal Partnership Inc.,3476238445,40.809488,-73.945496,,,,,,,,,,,,
"viBe Theater Experience Inc.",9176470326,,,,,,,,,,,,,,
The River Fund,7184411125,,,,,,,,,,,,,,
The Union Square Partnership,2124608418,40.734163,-73.988627,,,,,,,,,,,,
Third Wave Foundation,2123881898,,,,,,,,,,,,,,
"Tolentine-Zeiser Community Life Center Inc",7189333305,40.861503,-73.906077,,,,,,,,,,,,
Tourette Syndrome Association,7182242999,,,,,,,,,,,,,,
"Ukrainian National Women's League of America Inc.",2125334545,,,,,,,,,,,,,,
Under 21/Convenant House New York,2126130300,40.758655,-73.995116,,,,,,,,,,,,
Union Settlement Association,2128286000,40.789687,-73.944267,,,,,,,,,,,,
"United Activities Unlimited Inc.",7184484834,40.567873,-74.115373,,,,,,,,,,,,
"United Community Day Care Center Inc",7183851201,40.664728,-73.886561,,,,,,,,,,,,
United Jewish Organization of Williamsburg,7186439700,40.700432,-73.961086,,,,,,,,,,,,
"University Settlement Society of New York Inc",2126749120,40.720653,-73.990674,,,,,,,,,,,,
Urban Justice Center,6466025600,40.709112,-74.006889,,,,,,,,,,,,
"Urban Pathways Inc.",2127367385,,,,,,,,,,,,,,
"Urban Youth Alliance International Inc.",7184026872,,,,,,,,,,,,,,
"Vannguard Urban Improvement Association Inc.",7184533330,40.680919,-73.940518,,,,,,,,,,,,
"Variety Boys & Girls Club of Queens Inc.",7187280946,40.768955,-73.928269,,,,,,,,,,,,
Vietnam Veterans of America,7188978387,,,,,,,,,,,,,,
Village Care of New York,2123375726,40.73273,-74.008129,,,,,,,,,,,,
"Vision Urbana Inc.",2124200041,40.714247,-73.988064,,,,,,,,,,,,
VISIONS Services for the Blind & Visually Impaired,2126251616,40.725363,-74.009214,,,,,,,,,,,,
"Visiting Neighbors Inc.",2122606200,40.725699,-73.996558,,,,,,,,,,,,
Visiting Nurse Service of New York,2127949200,40.751861,-73.993716,,,,,,,,,,,,
Well Spouse Association,8008380879,,,,,,,,,,,,,,
West Bronx Housing & Neighborhood Resource Center,7187980929,40.875377,-73.879498,,,,,,,,,,,,
Wildcat Service Corporation,2122096000,40.704884,-74.015927,,,,,,,,,,,,
Women for Hire,2122902600,40.754296,-73.991944,,,,,,,,,,,,
"Women in Health Management Inc.",2125451885,,,,,,,,,,,,,,
"Women in Housing and Finance Inc.",2124391056,,,,,,,,,,,,,,
"Women in Islam Inc.",2125768875,,,,,,,,,,,,,,
"Women in Music Inc.",2124594580,,,,,,,,,,,,,,
"Women in Need Inc.",2126954758,,,,,,,,,,,,,,
Women In Sports and Events (WISE),2127268282,,,,,,,,,,,,,,
"Women in the Arts Foundation Inc.",2127511915,,,,,,,,,,,,,,
Women Make Movies,2129250606,,,,,,,,,,,,,,
Women of Color Quilters Network,2123165394,40.673769,-73.952907,,,,,,,,,,,,
"Women's Advocate Ministry Inc.",2126833460,40.811566,-73.946589,,,,,,,,,,,,
Women's Army Corps Veterans Association,7186340353,,,,,,,,,,,,,,
Women's City Club of New York,2123538070,,,,,,,,,,,,,,
Women's Desk,2126336700,,,,,,,,,,,,,,
Women's Environment & Development Organization (WEDO),2129730325,,,,,,,,,,,,,,
Women's Forum Inc.,2124479107,,,,,,,,,,,,,,
Women's National Book Association,2127277271,,,,,,,,,,,,,,
Women's National Republican Club,2125825454,,,,,,,,,,,,,,
Women's Prison Association and Home Inc.,2126741163,,,,,,,,,,,,,,
Women's Therapy Centre Institute,2127217005,,,,,,,,,,,,,,
Women's World Banking,2127688513,,,,,,,,,,,,,,
"Women's World Organization for Rights Literature and Development",2129472915,,,,,,,,,,,,,,
"Woodside On The Move Inc.",7184768449,40.7463,-73.905092,,,,,,,,,,,,
Woodycrest Center For Human Development,7185384708,40.834544,-73.928932,,,,,,,,,,,,
Wyckoff Heights Medical Center - Prenatal,7189636502,,,,,,,,,,,,,,
"Yeled V'Yalda Early Childhood Center Inc.",7186863700,40.639923,-73.978983,,,,,,,,,,,,
YMCA of Greater New York,2126309729,,,,,,,,,,,,,,
"Young Athletes Inc.",2125910636,40.741089,-73.976836,,,,,,,,,,,,
"Young Dancers In Repertory Inc.",3477027155,,,,,,,,,,,,,,
Young Men & Young Women's Hebrew Association of the Bronx,7185488200,40.905009,-73.907133,,,,,,,,,,,,
Children for Children,2128504170,40.753979,-73.979997,,,,,,,,,,,,
Catholic War Veterans - Department of New York,2129620988,40.716696,-74.004163,,,,,,,,,,,,
Jewish War Veterans-Department of New York,2123496640,40.716696,-74.004163,,,,,,,,,,,,
"Marine Corps League Greater New York Detachment",3157966380,,,,,,,,,,,,,,
Montford Point Marine Association - NY Metro Chapter,2122673318,40.716696,-74.004163,,,,,,,,,,,,
USO of Metropolitan New York,2126955590,,,,,,,,,,,,,,
Friends of Israel Disabled War Veterans - Beit Halochem,2126893220,40.743523,-73.989073,,,,,,,,,,,,
The United War Veterans Council of New York County,2126931476,40.716696,-74.004163,,,,,,,,,,,,
United Spinal Association - Vets First,7188033782,40.765724,-73.892382,,,,,,,,,,,,
Paralyzed Veterans of America,8005559140,,,,,,,,,,,,,,
Black Veterans for Social Justice,7188526004,,,,,,,,,,,,,,
Veterans of Foreign Wars,8167563390,,,,,,,,,,,,,,
Iraq and Afghanistan Veterans of America,2129829699,40.730842,-73.991402,,,,,,,,,,,,
Homeless American Veterans Self-Help Initiative,2122522900,40.744521,-73.987427,,,,,,,,,,,,
New Era Veterans,7189047036,40.829031,-73.8676,,,,,,,,,,,,
ACCESS NYC,2126399675,,,,,,,,,,,,,,
Adult Education,2126399675,,,,,,,,,,,,,,
Business Link,2126399675,,,,,,,,,,,,,,
Mayor's Office of Immigrant Affairs,2126399675,,,,,,,,,,,,,,
American Ex-Prisoners of War,7186427647,40.651419,-73.881135,,,,,,,,,,,,
Amvets,7187881792,40.683555,-74.002708,,,,,,,,,,,,
Equal Employment Practices Commission,2126399675,,,,,,,,,,,,,,
Landmarks Preservation Commission,2126399675,,,,,,,,,,,,,,
Latin Media and Entertainment Commission,2126399675,,,,,,,,,,,,,,
Mayor's Office fo Veterans' Affairs,2126399675,,,,,,,,,,,,,,
Mayor's Office for People with Disabilities,2126399675,,,,,,,,,,,,,,
Blinded Veterans Association,6173035691,,,,,,,,,,,,,,
Girls Global Education Fund,,40.788204,-73.972222,,,,,,,,,,,,
Mayor's Office of Industrial and Manufacturing Business,,,,,,,,,,,,,,,
Mayor's Volunteer Center,2126399675,,,,,,,,,,,,,,
New York City Department of Parks & Recreation,2126399675,,,,,,,,,,,,,,
New York City Department of Small Business Services,2126399675,,,,,,,,,,,,,,
New York City Department of Youth and Community Development,2126399675,,,,,,,,,,,,,,
New York City Housing Authority,2126399675,,,,,,,,,,,,,,
New York City Rent Guidelines Board,2126399675,,,,,,,,,,,,,,
NYC Children's Services,2126399675,,,,,,,,,,,,,,
NYC Business Integrity Commission,2126399675,,,,,,,,,,,,,,
NYC Business Solutions,2126399675,,,,,,,,,,,,,,
NYC Center for Economic Opportunity,2126399675,,,,,,,,,,,,,,
NYC Commission on Human Rights,2126399675,,,,,,,,,,,,,,
NYC Department for the Aging,2126399675,,,,,,,,,,,,,,
NYC Department of Consumer Affairs,2126399675,,,,,,,,,,,,,,
NYC Department of Cultural Affairs,2126399675,,,,,,,,,,,,,,
sylk,3478796798,40.839569,-73.889646,,,,,,,,,,,,
NYC Department of Education,2126399675,,,,,,,,,,,,,,
NYC Department of Health and Mental Hygiene,2126399675,,,,,,,,,,,,,,
NYC Department of Homelessness Services,2126399675,,,,,,,,,,,,,,
NYC Department of Housing Preservation and Development,2126399675,,,,,,,,,,,,,,
NYC Economic Development Corporation,2126399675,,,,,,,,,,,,,,
NYC Health and Hospitals Corporation,2126399675,,,,,,,,,,,,,,
NYC Information Technology Jobs Center,2126399675,,,,,,,,,,,,,,
"NYC Mayor's Office of Film Theatre and Broadcasting",2126399675,,,,,,,,,,,,,,
The Maurer Foundation,5165355370,,,,,,,,,,,,,,
NYC Media Group,2126399675,,,,,,,,,,,,,,
NYC Public Design Commission,2126399675,,,,,,,,,,,,,,
NYC Office of the Chief Medical Examiner,2126399675,,,,,,,,,,,,,,
NYC TV,,,,,,,,,,,,,,,
Office of Citywide Health Insurance Access,2126399675,,,,,,,,,,,,,,
The New York Public Library,2123400918,40.752003,-73.981954,,,,,,,,,,,,
Office of Financial Empowerment,2122329580,,,,,,,,,,,,,,
Family Justice Centers,2126399675,,,,,,,,,,,,,,
Brooklyn Public Library,7182302100,,,,,,,,,,,,,,
OFE's Financial Empowerment Center at Phipps,3473293929,,,,,,,,,,,,,,
NYC Ladders for Leaders,2126399675,,,,,,,,,,,,,,
Harlem Children's Zone,,,,,,,,,,,,,,,
USIF World Foundation for Medical Studies in Female Health,5169443192,,,,,,,,,,,,,,
Russian American Foundation,2126876118,40.750744,-73.986072,,,,,,,,,,,,
"Sigma Gamma Rho Sorority Inc. Theta Rho Sigma Chapter",3479871922,,,,,,,,,,,,,,
"Jackson Heights-Elmhurst Kehillah Inc.",7184574591,,,,,,,,,,,,,,
"InnerAction Plus Inc.",2127323091,,,,,,,,,,,,,,
Women At Risk,2123059525,40.841278,-73.940212,,,,,,,,,,,,
Ryer Avenue Housing Development Fund Corporation,7183290600,40.859583,-73.89796,,,,,,,,,,,,
New York Asian Women's Center,8888887702,,,,,,,,,,,,,,
Where There's A Need Inc,3472332774,,,,,,,,,,,,,,
Metastatic Breast Cancer Network,8885000370,,,,,,,,,,,,,,
Girl Scout Council of Greater New York,2126454000,40.74217,-73.991021,,,,,,,,,,,,
"Round-The-Clock Nursery Inc.",2126940615,40.813442,-73.948979,,,,,,,,,,,,
The Transition Network,2127148040,,,,,,,,,,,,,,
"STRIVE Inc.",2123601100,40.801647,-73.935017,,,,,,,,,,,,
New Destiny Housing Corporation,6464720262,40.743907,-73.988979,,,,,,,,,,,,
Reproductive Health Access Project,9175863260,,,,,,,,,,,,,,
Women in Housing and Finance,,40.719202,-74.001591,,,,,,,,,,,,
College and Community Fellowship,2128172017,40.748822,-73.984268,,,,,,,,,,,,
NYS Coalition Against Domestic Violence,5184825465,,,,,,,,,,,,,,
Savvy Ladies,6462168988,40.707671,-74.005764,,,,,,,,,,,,
"GlamourGals Foundation Inc",6314040761,,,,,,,,,,,,,,
Addiction Research and Treatment Corp.,7182602900,40.697243,-73.986217,,,,,,,,,,,,
Brooklyn-Queens NOW,7187690101,,,,,,,,,,,,,,
St. Luke's Hospital Women's Health Project,2125237693,40.804891,-73.960498,,,,,,,,,,,,
City Bar Justice Center,2123826727,40.755376,-73.981368,,,,,,,,,,,,
Latin Technologies Inc,7183710140,40.747351,-73.886561,,,,,,,,,,,,
Women's Network for a Sustainable Future,,,,,,,,,,,,,,,
NonProfit HelpDesk,7184495000,40.573177,-74.002509,,,,,,,,,,,,
Nonprofit Coordinating Committee of New York,2125024191,40.751306,-73.987656,,,,,,,,,,,,
NARAL Pro-Choice New York,6465203506,40.745492,-73.982515,,,,,,,,,,,,
Thypin Oltchick Institute for Women's Entrepreneurship at FEGS,2123660033,40.726623,-74.007753,,,,,,,,,,,,
North Brooklyn Coalition Against Family Violence ( the Coalition),7183024073,,,,,,,,,,,,,,
"U.S. Department of Labor Women's Bureau Region II",6462643789,40.728369,-74.005361,,,,,,,,,,,,
"Gamma Phi Delta Sorority Inc. - Beta Lambda Chapter",5168492321,,,,,,,,,,,,,,
Kingsbridge Heights Neighborhood Improvement Association,7186187550,40.870892,-73.899429,,,,,,,,,,,,
Baby Buggy,2127361130,40.754318,-73.99263,,,,,,,,,,,,
Trinity Lutheran Church,2122227045,40.796423,-73.967972,,,,,,,,,,,,
Single Parents Project,6468673231,,,,,,,,,,,,,,
"HANAC Inc.",2128408005,40.756087,-73.981072,,,,,,,,,,,,
Day One,2125668120,,,,,,,,,,,,,,
Copasetic Women Over 50,2128646978,40.798965,-73.959371,,,,,,,,,,,,
Pro-Choice Public Education Project,2129774266,,,,,,,,,,,,,,
NSLIJHS - P.O.W.I.R. Program,5166225189,,,,,,,,,,,,,,
AID FOR AIDS International,2123378043,40.70438,-74.006427,,,,,,,,,,,,
Americans for UNFPA,6466499100,40.750646,-73.976641,,,,,,,,,,,,
The ARab American Family Support Center,7186438000,40.688806,-73.992806,,,,,,,,,,,,
"Latin Women in Action Inc.",7184782972,40.750712,-73.862926,,,,,,,,,,,,
Planned Parenthood of New York City,2129657000,40.725564,-73.993488,,,,,,,,,,,,
"FRIA Inc,",2127325667,40.709883,-74.008931,,,,,,,,,,,,
NPower NY,2125647010,40.693691,-73.984786,,,,,,,,,,,,
"Concerned Parents of the Bronx Inc.",6463935347,,,,,,,,,,,,,,
"Aging In America Inc.",,40.857026,-73.843125,,,,,,,,,,,,
"US National Committee for UNIFEM Metro NY Chapter",9173480281,40.672162,-73.964289,,,,,,,,,,,,
LD Resources Foundation,6467010000,40.74572,-73.983991,,,,,,,,,,,,
New York Women Social Entrepreneurs (NYWSE),,40.767767,-73.961881,,,,,,,,,,,,
The White House Project,2122614400,40.753212,-73.997979,,,,,,,,,,,,
La Leche League of Marine Park/Madison,7183393806,,,,,,,,,,,,,,
Asian Indian Immigrant Experience,7187856355,,,,,,,,,,,,,,
The Financial Clinic,,40.747582,-73.990324,,,,,,,,,,,,
Turning Point for Women and Families,7188839400,,,,,,,,,,,,,,
Bronx River Art Center,7185895819,40.840027,-73.878633,,,,,,,,,,,,
TimeBanksNYC,8662446469,40.713723,-74.003586,,,,,,,,,,,,
Men Can Stop Rape,9144503118,,,,,,,,,,,,,,
Women's City Club of New York,2123538070,40.746869,-73.993616,,,,,,,,,,,,
Women's Executive Circle of New York,,,,,,,,,,,,,,,
District Eight NAPFE,9178170763,,,,,,,,,,,,,,
ASA Institute,7185229073,,,,,,,,,,,,,,
ShebaUSA.org,7186122577,,,,,,,,,,,,,,
Dwa Fanm,7182304027,,,,,,,,,,,,,,
MCC Women's Business Committee,2124737875,40.752328,-73.987461,,,,,,,,,,,,
TOP Development Corporation,7184511020,40.641355,-73.929282,,,,,,,,,,,,
Beth Israel Rape Crisis and Domestic Violence Intervention Program,2124204516,,,,,,,,,,,,,,
"SHALOM 2 YOU Inc",9173613116,,,,,,,,,,,,,,
New Genesis Worldwide Inc,7188208940,40.734716,-73.810635,,,,,,,,,,,,
Breast Examination Center of Harlem,2125318000,40.808644,-73.947524,,,,,,,,,,,,
Teamsters National Black Caucus - NYS,5167217844,,,,,,,,,,,,,,
YWCA of Queens,7183534553,40.757857,-73.819077,,,,,,,,,,,,
COMMUNITY BOARD 1 CERT TEAM,9174421645,40.707949,-73.951621,,,,,,,,,,,,
East Harlem Neighborhood Based Alliance Corporation,2122891900,40.802079,-73.936989,,,,,,,,,,,,
YM & YWHA of Washington Heights and Inwood,2125696200,40.859993,-73.929129,,,,,,,,,,,,
SATH (Society For Accessible Travel & Hospitality),2124477284,40.74818,-73.984737,,,,,,,,,,,,
JBI International,2128892525,40.744277,-73.982522,,,,,,,,,,,,
"Guardians of the Sick Inc.",7184382020,40.635862,-73.998429,,,,,,,,,,,,
"Forestdale Inc.",7182630740,40.729354,-73.842599,,,,,,,,,,,,
Latino Commission On AIDS,2125849301,40.743383,-73.990004,,,,,,,,,,,,
Ryan/Chelsea-Clinton Community Health Center,2122654500,40.761929,-73.993809,,,,,,,,,,,,
"East Harlem Block Nursery Inc.",2127226350,40.791312,-73.944041,,,,,,,,,,,,
Women's Center for Education and Career Advancement,2129648934,40.705354,-74.013731,,,,,,,,,,,,
Spoons Across America,7185220209,40.675574,-73.999156,,,,,,,,,,,,
Grace Outreach,7183280580,40.817722,-73.917956,,,,,,,,,,,,
Eviction Intervention Services,2123082210,40.764111,-73.961803,,,,,,,,,,,,
NYC Department of Transportation - Office of Safety Education,2128392200,,,,,,,,,,,,,,
Women Builders Council,2123672130,40.579687,-73.949471,,,,,,,,,,,,
Hour Children,7184334724,40.760503,-73.93932,,,,,,,,,,,,
Hope City Empowerment Center,7188575698,40.678884,-73.963987,,,,,,,,,,,,
Korean Community Services of Metropolitan New York,7189396137,40.765263,-73.806158,,,,,,,,,,,,
ChaRosa Foundation Corporation,7187231400,,,,,,,,,,,,,,
Community Healthcare Network,2125452400,40.744096,-73.985619,,,,,,,,,,,,
"Brighton Neighborhood Association Inc.",7188910800,40.57781,-73.956255,,,,,,,,,,,,
"Greenwich House Inc.",2129910003,40.748848,-73.993377,,,,,,,,,,,,
New York Road Runners Foundation,2124232227,40.756688,-73.970128,,,,,,,,,,,,
Directions for Our Youth,2123624020,40.785838,-73.970606,,,,,,,,,,,,
Queens Community House,7185925757,40.73591,-73.850212,,,,,,,,,,,,
United Jewish Council of the East Side,2122336037,40.714359,-73.986509,,,,,,,,,,,,
American Cancer Society Bronx Region,7185475064,40.86001,-73.843064,,,,,,,,,,,,
"Hospital Audiences Inc.",2125757676,40.723624,-73.99829,,,,,,,,,,,,
"YM & YWHA of Washington Heights and Inwood Inc.",2125696200,40.859993,-73.929129,,,,,,,,,,,,
Local Development Corporation of East New York,7183856700,40.678267,-73.897235,,,,,,,,,,,,
Elmcor Youth & Adult Activities,7186510096,40.757429,-73.860938,,,,,,,,,,,,
Groundswell Community Mural Project,7182549782,40.679555,-73.982355,,,,,,,,,,,,
United Community Centers,7186497979,40.664728,-73.886561,,,,,,,,,,,,
Good Orderly Directions House Incorporation,3477777895,40.688595,-73.949417,,,,,,,,,,,,
Amethyst House,7188561100,40.640688,-73.938903,,,,,,,,,,,,
Adelphi NY Statewide Breast Cancer Hotline & Support Program,8008778077,,,,,,,,,,,,,,
"Brooklyn Neighborhood Improvement Association Inc.",7187734116,40.670505,-73.92964,,,,,,,,,,,,
East Harlem Neighborhood Based Alliance Corporation,2122891900,40.801647,-73.935017,,,,,,,,,,,,
SHARE: Self-Help for Women with Breast or Ovarian Cancer,2129375573,40.757103,-73.986193,,,,,,,,,,,,
LIFT (Legal Information for Families Today),2123431122,40.716954,-74.003943,,,,,,,,,,,,
The Children's Aid Society,2129494800,40.739265,-73.986215,,,,,,,,,,,,
The New York Center for Children,2125173012,40.76687,-73.95782,,,,,,,,,,,,
African Services Committee,2122223882,40.813002,-73.953849,,,,,,,,,,,,
"Bailey House Inc.",2126332500,40.745743,-73.994435,,,,,,,,,,,,
Arab-American Family Support Center,7186438000,40.688806,-73.992806,,,,,,,,,,,,
Jewish Board of Family and Children's Services,2125829100,40.764688,-73.978095,,,,,,,,,,,,
"Hispanic AIDS Forum Inc.",2125634500,40.751946,-73.990796,,,,,,,,,,,,
Chinatown Manpower Project,2125711690,40.716092,-73.999203,,,,,,,,,,,,
New York Legal Assistance Group,2126135000,40.753574,-73.998838,,,,,,,,,,,,
Lenox Hill Neighborhood House,2127445022,40.766925,-73.95795,,,,,,,,,,,,
Saint Vincents Hospital Rape Crisis Program,2126048068,40.733164,-73.99296,,,,,,,,,,,,
City Year New York,2126758881,40.741253,-73.990978,,,,,,,,,,,,
Girls Quest,2125327050,40.747876,-73.991064,,,,,,,,,,,,
Council of Aid for Central Asian Jews - After school service/Summer Day Camp,7185201275,40.718918,-73.834413,,,,,,,,,,,,
Brooklyn Chinese-American Association,7184380008,40.641028,-74.003816,,,,,,,,,,,,
"Broadway Housing Communities Inc.",2125682030,40.835675,-73.94455,,,,,,,,,,,,
"Ifetayo Cultural Arts Inc.",7188561123,40.639738,-73.943567,,,,,,,,,,,,
SCO Family of Services,7188952555,,,,,,,,,,,,,,
Citizens Advice Bureau,7183650910,40.853493,-73.905278,,,,,,,,,,,,
Riverside Language Program,2126623200,40.812306,-73.963607,,,,,,,,,,,,
Fresh Start Training Program,7183389200,40.619341,-73.955197,,,,,,,,,,,,
Fedcap,2127274200,40.738824,-74.000307,,,,,,,,,,,,
Common Ground,2123899300,40.753047,-73.99285,,,,,,,,,,,,
"The Pen and Brush Inc.",2124753669,40.733035,-73.994559,,,,,,,,,,,,
Jewish Community Council of Greater Coney Island,7184495000,40.573177,-74.002509,,,,,,,,,,,,
"Crime Victims Treatment Center St. Luke's-Roosevelt Hospital Center",2125234728,40.804891,-73.960498,,,,,,,,,,,,
THE BROTHERHOOD/SISTER SOL,2122837044,40.824482,-73.949867,,,,,,,,,,,,
Washington Heights-Inwood Coalition,2127816722,40.853696,-73.932537,,,,,,,,,,,,
Italian American Civil Rights League,7186422180,40.646068,-73.879786,,,,,,,,,,,,
International Center in New York,2122559555,40.742222,-73.991195,,,,,,,,,,,,
Aging in America,8772446449,40.856812,-73.859978,,,,,,,,,,,,
Shorefront Jewish Community Council,7187430575,40.578435,-73.961751,,,,,,,,,,,,
"Chinese Immigrants Services Inc.",7183530195,40.757852,-73.830212,,,,,,,,,,,,
"Church Women United Inc.",2128702347,40.811101,-73.964168,,,,,,,,,,,,
Gay Men's Health Crisis,2123671000,40.74391,-73.993104,,,,,,,,,,,,
Diaspora Community Services,7183990200,40.678775,-73.982136,,,,,,,,,,,,
"Families First Inc.",7182371862,40.686295,-73.994671,,,,,,,,,,,,
GEMS Girls Educational and Mentoring Services,2129268089,,,,,,,,,,,,,,
"T.O.P.S. FOR YOU Inc.",7188213821,40.696527,-73.909288,,,,,,,,,,,,
"Immigrant Social Services Inc.",2125711840,40.71333,-73.990827,,,,,,,,,,,,
"Reach Into Cultural Heights Inc. (RICH)",7185234099,40.705199,-73.799278,,,,,,,,,,,,
AngelDocs,7187769699,40.717396,-73.767146,,,,,,,,,,,,
League of Women Voters of the City of New York Education Fund,2127253541,40.70932,-74.010392,,,,,,,,,,,,
"The Nourishing Kitchen of New York City Inc.",6462591332,40.794482,-73.933583,,,,,,,,,,,,
Equal Voice,2127525815,40.764397,-73.975232,,,,,,,,,,,,
Center for Reproductive Rights,9176373600,40.70438,-74.006427,,,,,,,,,,,,
The Salvation Army,2123377200,40.737704,-73.997676,,,,,,,,,,,,
Puerto Rican Institute for the Development of Education(PRIDE),7183094841,40.754994,-73.825964,,,,,,,,,,,,
Opportunities for a Better Tomorrow,7183690303,40.65927,-73.999268,,,,,,,,,,,,
Center for NuLeadership on Urban Solutions,7182705136,40.66673,-73.956485,,,,,,,,,,,,
Comunilife Inc,2122191618,40.748148,-73.993623,,,,,,,,,,,,
Lutheran Family Health Centers' Family Support Center,7186307186,40.637961,-74.014149,,,,,,,,,,,,
Community Association of Progressive Dominicans (ACDP),2127815500,40.839277,-73.941052,,,,,,,,,,,,
"The Lesbian Gay Bisexual & Transgender Community Center",2126207310,40.738034,-74.000603,,,,,,,,,,,,
The American Cancer Society -- Manhattan,8002272345,40.748957,-73.989797,,,,,,,,,,,,
"Jacob A. Riis Neighborhood Settlement House Inc.",7187847447,40.755488,-73.945328,,,,,,,,,,,,
"Caribbean Women's Health Association Inc.",7188262942,40.648574,-73.957531,,,,,,,,,,,,
Northern Manhattan Improvement Corporation,2128228319,40.847012,-73.93704,,,,,,,,,,,,
Association to Benefit Children,2128311322,40.776514,-73.948491,,,,,,,,,,,,
The Fortune Society,2126917554,40.750433,-73.935323,,,,,,,,,,,,
Brooklyn Bureau of Community Service,7183105600,40.687759,-73.982898,,,,,,,,,,,,
The Girls & Boys Projects,2125053184,40.728667,-73.980308,,,,,,,,,,,,
Women's Business Center,7182630546,,,,,,,,,,,,,,
Business Outreach Center Network,7186249115,,,,,,,,,,,,,,
"Violence Intervention Program Inc.",2124109080,,,,,,,,,,,,,,
"IMANI HOUSE Inc.",7186382059,40.680691,-73.977574,,,,,,,,,,,,
Cypress Hills Child Care Corporation,7182353949,40.683212,-73.873759,,,,,,,,,,,,
CODEPINK Women for Peace,6467231781,40.760038,-73.991449,,,,,,,,,,,,
The Legal Aid Society,2125773300,40.70727,-74.004314,,,,,,,,,,,,
Planned Parenthood of New York City,2122747200,40.725564,-73.993488,,,,,,,,,,,,
Dominican Women's Development Center,2129946060,40.853427,-73.927961,,,,,,,,,,,,
Women's Housing and Economic Development Corporation,7188391100,40.836725,-73.919292,,,,,,,,,,,,
Hadassah--The Women's Zionist Organization of America,2123557900,,,,,,,,,,,,,,
Pride of Judea Community Services,7184236200,40.765469,-73.742885,,,,,,,,,,,,
The After-School Corporation,6469438700,40.754611,-73.986761,,,,,,,,,,,,
"Simpson Street Development Association,Inc",7185891510,40.820985,-73.893398,,,,,,,,,,,,
Harlem RBI (Reviving Baseball in Inner Cities),2127221608,40.786209,-73.943789,,,,,,,,,,,,
Latino Pastoral Action Center,7186812361,40.840421,-73.918293,,,,,,,,,,,,
Day Care Council of New York Inc.,2122067818,40.740558,-73.991238,,,,,,,,,,,,
Youth Represent,2125536314,40.716539,-74.0043,,,,,,,,,,,,
"Northern Manhattan Perinatal Partnership Inc",2126652600,40.809488,-73.945496,,,,,,,,,,,,
Phipps Community Development Corporation,2122439090,40.739279,-73.989726,,,,,,,,,,,,
Center for Children's Initiatives,2129297604,40.747294,-73.997023,,,,,,,,,,,,
Fifth Avenue Committee,7182372017,40.678948,-73.982857,,,,,,,,,,,,
Henry Street Settlement Community Consultation Center,2122335032,40.71288,-73.985038,,,,,,,,,,,,
Wyckoff Heights Medical Center - Rape Crisis,7189063857,40.704636,-73.917699,,,,,,,,,,,,
Henry Street Settlement Neighborhood Resource Center,2124712400,40.71454,-73.984171,,,,,,,,,,,,
Global Action Project,2125949577,40.750559,-73.983708,,,,,,,,,,,,
National Coalition of 100 Black Women - Manhattan Chapter,2126423758,,,,,,,,,,,,,,
Henry Street Settlement Parent Center,2129620729,40.71454,-73.984171,,,,,,,,,,,,
CASES: GirlRising,2127320076,40.716696,-74.004163,,,,,,,,,,,,
The Arab American Family Support Center,7186438000,,,,,,,,,,,,,,
South Asian Youth Action,7186513484,40.735303,-73.877474,,,,,,,,,,,,
National Council on Women's Health,2127466967,40.765008,-73.955078,,,,,,,,,,,,
Lesbian Cancer Initiative,2126207310,,,,,,,,,,,,,,
Gilda's Club New York City,2126479700,40.728457,-74.003879,,,,,,,,,,,,
"Polonians Organized to Minister to Our Community Inc. (POMOC)",7183269098,40.723813,-73.905838,,,,,,,,,,,,
"Brooklyn AIDS Task Force  Inc",7183880028,40.708935,-73.959386,,,,,,,,,,,,
Good Shepherd Services,2122437070,40.746817,-73.993655,,,,,,,,,,,,
Korean American Family Service Center,7184603801,,,,,,,,,,,,,,
NY Youth at Risk,2127914927,40.707605,-74.00572,,,,,,,,,,,,
Safe Horizon Staten Island Rape Crisis Program,7187202591,40.641324,-74.075936,,,,,,,,,,,,
God's Love We Deliver,2122948100,40.725619,-74.003976,,,,,,,,,,,,
The New York Society for the Prevention of Cruelty to Children,2122335500,40.710059,-74.005955,,,,,,,,,,,,
Council of Jewish Organizations of Flatbush (COJO Flatbush),7183772900,40.619517,-73.964188,,,,,,,,,,,,
"CAMBA Inc.",7182872600,40.649339,-73.963307,,,,,,,,,,,,
Safe Horizon Bronx Community Program,7189331000,40.862705,-73.896932,,,,,,,,,,,,
Safe Horizon Brooklyn Community Programs,7188346688,40.694079,-73.991688,,,,,,,,,,,,
New York City Alliance Against Sexual Assault,2122290345,40.733892,-74.000949,,,,,,,,,,,,
Joan & Alan Bernikow Jewish Community Center of Staten Island,7184755200,40.594454,-74.125677,,,,,,,,,,,,
Safe Horizon Queens Community Program,7188991233,40.748992,-73.891561,,,,,,,,,,,,
Safe Horizon Manhattan Community Programs,2123162100,40.808639,-73.948582,,,,,,,,,,,,
Northside Center for Child Development,2124263400,40.797221,-73.948963,,,,,,,,,,,,
Graham Windham,2125296445,40.735203,-73.987898,,,,,,,,,,,,
FEGS Center for Women and Families,9176066662,40.72631,-74.00749,,,,,,,,,,,,
"South Bronx Action Group Inc.",7189935869,40.816241,-73.918355,,,,,,,,,,,,
Safe Horizon,8006214673,,,,,,,,,,,,,,
"Inwood Community Services Inc.",2129420043,40.866001,-73.924777,,,,,,,,,,,,
Oasis Community Corporation,6465195050,40.704313,-73.986587,,,,,,,,,,,,
St Stephens Outreach Inc.,7183848854,40.695579,-73.947375,,,,,,,,,,,,
Connecting to Advantages,6462263259,40.726755,-73.990735,,,,,,,,,,,,
Dress for Success Worldwide,2125321922,40.745718,-73.984023,,,,,,,,,,,,
Jewish Child Care Association,2124253333,40.70438,-74.006427,,,,,,,,,,,,
"Northfield Community Local Development Corp. of Staten Islalnd Inc.",7184427351,40.636179,-74.131816,,,,,,,,,,,,
Edith and Carl Marks Jewish Community House of Bensonhurst,7183316800,40.606369,-73.989235,,,,,,,,,,,,
Mercy Center,7189932789,40.81384,-73.920403,,,,,,,,,,,,
Inwood House,2128614400,40.774993,-73.952937,,,,,,,,,,,,
Mount Sinai Sexual Assault and Violence Intervention Program,2124232140,40.790443,-73.953793,,,,,,,,,,,,
New Immigrant Community Empowerment,7182058796,40.748031,-73.888838,,,,,,,,,,,,
Edwin Gould Services for Children and Families,2124373500,40.708356,-74.014814,,,,,,,,,,,,
APICHA - Asian & Pacific Islander Coalition on HIV/AIDS,2123347940,40.718702,-74.002464,,,,,,,,,,,,
"Harlem Congregations for Community Improvement Inc.",2122814887,40.827375,-73.938591,,,,,,,,,,,,
"Community Health Action of Staten Island Inc.",7188081300,40.640624,-74.075704,,,,,,,,,,,,
"Catalyst Inc.",2125147600,40.70438,-74.006427,,,,,,,,,,,,
Lutheran Family Health Centers,7186307171,,,,,,,,,,,,,,
Center Against Domestic Violence,7182549134,40.697254,-73.986015,,,,,,,,,,,,
Grand Street Settlement,2126741740,40.718328,-73.98245,,,,,,,,,,,,
"Women's Project & Productions Inc.",2127651706,40.774058,-73.988681,,,,,,,,,,,,
The Coalition for Debtor Education,2126367752,40.771609,-73.984652,,,,,,,,,,,,
Single Mothers by Choice (SMC),2129880993,,,,,,,,,,,,,,
La Leche League of New York-East,8475197730,,,,,,,,,,,,,,
New York State Coalition Against Domestic Violence,5184825465,,,,,,,,,,,,,,
The Young Women's Christian Association (YWCA) of Queens,7183534553,40.757857,-73.819077,,,,,,,,,,,,
STEPS to End Family Violence,6463157600,,,,,,,,,,,,,,
Grassroots Organizations Operating Together In Sisterhood Inc.,,40.712105,-73.945709,,,,,,,,,,,,
Highbridge Community Life Center/Bridge Builders/Community Partnership Initivitive,7182934352,,,,,,,,,,,,,,
WET Productions,2126820265,40.752726,-73.974793,,,,,,,,,,,,
NPower,2125647010,40.747837,-73.990934,,,,,,,,,,,,
"Children's Arts & Science Workshops Inc.",2129237766,40.850456,-73.935609,,,,,,,,,,,,
Morris Heights Health Center,7187164400,40.854655,-73.91063,,,,,,,,,,,,
International Rescue Committee (NYCREP/IRC),2125513150,40.751601,-73.97645,,,,,,,,,,,,
YWCA of Brooklyn,7188751190,40.68581,-73.980385,,,,,,,,,,,,
The Center for Anti-violence Education,7187881775,40.67061,-73.985743,,,,,,,,,,,,
Dominican Foundation CULTURARTE of New York,6464100904,40.847052,-73.933578,,,,,,,,,,,,
"My Life My Soul The Unspoken Journey of Life After Domestic Abuse",2128315506,40.787181,-73.944132,,,,,,,,,,,,
Red Hook Initiative,7188586782,40.676803,-74.004705,,,,,,,,,,,,
Jamaica Service Program for Older Adults (JSPOA),7186576500,40.704268,-73.797827,,,,,,,,,,,,
Lower Eastside Service Center/Outreach Program,2125665372,40.707116,-74.007329,,,,,,,,,,,,
Single Stop USA,2124802870,40.805258,-73.938875,,,,,,,,,,,,
AAUW Manhattan,5163181313,,,,,,,,,,,,,,
"Riverdale Neighborhood House Inc.",7185498100,40.903039,-73.90375,,,,,,,,,,,,
National Council of Jewish Women New York Section,2126875030,40.750971,-73.971361,,,,,,,,,,,,
The Brooklyn Young Mothers' Collective,7185967074,40.687202,-73.985555,,,,,,,,,,,,
"Groove With Me Inc.",2129875910,40.802592,-73.937256,,,,,,,,,,,,
Ridgewood Bushwick Sister S.A.G.E.,7183819653,40.697788,-73.913906,,,,,,,,,,,,
inMotion,2126953800,40.750744,-73.986072,,,,,,,,,,,,
Girls for Gender Equity,7188571393,40.680186,-73.94593,,,,,,,,,,,,
New York Women in Film and Television,2126790870,40.751374,-73.981817,,,,,,,,,,,,
Jewish Association for Services for the Aged (JASA),,,,,,,,,,,,,,,
Lower East Side Family Union,2122600040,40.721537,-73.988737,,,,,,,,,,,,
Literacy Assistance Center,2128033333,40.706045,-74.013096,,,,,,,,,,,,
Liberty Center for Immigrants,7188473757,40.701012,-73.825481,,,,,,,,,,,,
Hebrew Immigrant Aid Society (HIAS),2129674100,40.747629,-73.99306,,,,,,,,,,,,
Hindu Temple Society of North America (Sri Maha Ganapati Devasthanam),7184608484,40.752968,-73.817419,,,,,,,,,,,,
Immigration Advocacy Services (IAS),7189568218,40.768513,-73.911237,,,,,,,,,,,,
World Music Institute (WMI),2125457536,40.744911,-73.98974,,,,,,,,,,,,
Young Korean American Service & Education Center (YKASEC),7184605600,40.758676,-73.82908,,,,,,,,,,,,
York College - Adult Continuing Education,7182622790,40.702532,-73.795578,,,,,,,,,,,,
Urban Resource Institute (URI),7182602900,40.697243,-73.986217,,,,,,,,,,,,
World Education Services,2129666311,,,,,,,,,,,,,,
Queens Independent Living Center,7187134718,40.764312,-73.930025,,,,,,,,,,,,
Queens Jewish Community Council (QJCC),7185449033,-73.832351,6,29,76902,Forest Hills                                                               ,,,,,,,
Queens Parent Resource Center,7185236953,40.70815,-73.796611,,,,,,,,,,,,
Queensborough Community College - Center for Immigration,7186316611,40.75349,-73.757957,,,,,,,,,,,,
Maidstone Foundation [Family Support Service for Russians],2128895760,,,,,,,,,,,,,,
The Committee for Hispanic Children and Families (CHCF),2122061090,40.708791,-74.007189,,,,,,,,,,,,
Concerned Citizens of Queens (Ciudadanos Conscientes de Queens),7184781605,40.748868,-73.870271,,,,,,,,,,,,
CONNECT (LAP),2126830015,40.74865,-73.988317,,,,,,,,,,,,
Reformed Church of Newtown,7185924466,40.739201,-73.877788,,,,,,,,,,,,
Queensborough Community College - Continuing Education,7186316343,40.75349,-73.757957,,,,,,,,,,,,
Association of the Bar of the CIty of New York - Immigrant Women and Children Project,2123824711,40.755376,-73.981368,,,,,,,,,,,,
Central Queens YM and YWHA,7182685011,40.728702,-73.847414,,,,,,,,,,,,
Hamilton-Madison House Sunrise Clubhouse,7187799500,40.747259,-73.887439,,,,,,,,,,,,
Centro Civico Colombiano,7186994833,40.74206,-73.874254,,,,,,,,,,,,
Metropolitan Council on Jewish Poverty,2124539500,,,,,,,,,,,,,,
GS: Dreamyard Drama Project,7185888007,40.827784,-73.924766,,,,,,,,,,,,
English Language Center at LaGuardia Community College,7184825360,40.744902,-73.935022,,,,,,,,,,,,
Emerald Isle Immigration Center,7184785502,40.745293,-73.905216,,,,,,,,,,,,
Program for Deaf Adults at LaGuardia Community College,7184825324,40.744902,-73.935022,,,,,,,,,,,,
Family Development Centers of St. Christopher-Ottilie,7185070700,40.74941,-73.884262,,,,,,,,,,,,
Latin American Cultural Center of Queens,7182617664,40.713329,-73.828601,,,,,,,,,,,,
Latin American Immigrant Association,7184260226,40.744333,-73.913467,,,,,,,,,,,,
Latin American Integration Center,7185658500,40.74622,-73.915056,,,,,,,,,,,,
Korean Community Services of Metropolitan New York,7189396137,40.765263,-73.806158,,,,,,,,,,,,
Korean Family Counseling and Research Center,7183212400,40.763529,-73.803542,,,,,,,,,,,,
Haitian Centers Council,7189405200,40.653695,-73.964022,14,40,50804,Flatbush
Queens Library HealthLink,7189905197,,,,,,,,,,,,,,
School Sisters of Notre Dame Educational Center,7187380588,40.691042,-73.856486,,,,,,,,,,,,
Institute for the Puerto Rican/Hispanic Elderly,7184787171,40.746172,-73.890208,4,25,267,Elmhurst                                                                   ,,,
International High School at LaGuardia Community College,7184825453,40.744902,-73.935022,,,,,,,,,,,,
Builders for Family and Youth / Catholic Charities,7187791234,40.744648,-73.902723,,,,,,,,,,,,
Child Center of New York,7184589111,40.744504,-73.897559,,,,,,,,,,,,
Asian Women In Business,2128681368,40.70627,-74.012909,,,,,,,,,,,,
VISIONS at Selis Manor,6464864444,40.743386,-73.993916,,,,,,,,,,,,
Workshop in Business Opportunities (WIBO),2126840854,40.706186,-74.010907,,,,,,,,,,,,
Social Securty Administration,2122642500,40.716015,-74.004744,,,,,,,,,,,,
Women's Enterprise Development Center,9149486098,,,,,,,,,,,,,,
Tender Care Human Services,7188836660,,,,,,,,,,,,,,
Transitional Services for New York,7185268400,,,,,,,,,,,,,,
UJA-Federation of New York,2129801000,,,,,,,,,,,,,,
Turning Point,7188839400,,,,,,,,,,,,,,
A Better Balance,2122853039,40.707657,-74.007758,,,,,,,,,,,,
ABC No Rio,,40.719206,-73.985447,,,,,,,,,,,,
ACCION New York,2123870377,40.743215,-73.993508,,,,,,,,,,,,
"African Ancestral Lesbians United for Societal Change Inc.",2127419110,40.73273,-74.008129,,,,,,,,,,,,
Agency for Women and Children Development Inc,7183675437,40.748208,-73.992663,,,,,,,,,,,,
"AIDS Center of Queens County Inc.",7188962500,40.729234,-73.859886,,,,,,,,,,,,
American Friends Service Committee,2125980950,40.733652,-73.985051,,,,,,,,,,,,
AIDS Community Research Initiative of America,2129243934,40.753942,-73.989829,,,,,,,,,,,,
The New York Women's Foundation,2122614586,40.753212,-73.997979,,,,,,,,,,,,
"ParentJobNet Inc.",9175469104,,,,,,,,,,,,,,
Japanese American Association of New York,2128406942,,,,,,,,,,,,,,
Jewish Community Council of the Rockaway Peninsula,7183277755,,,,,,,,,,,,,,
Korean American Association for Rehabilitation of the Disabled,7184453929,40.765966,-73.819632,,,,,,,,,,,,
Korean American Senior Center of Corona,7186519220,40.753941,-73.857264,,,,,,,,,,,,
Kurdish Library,7187837930,40.676291,-73.966775,,,,,,,,,,,,
Korean Youth Center of New York,7183211010,40.76485,-73.827974,,,,,,,,,,,,
VHA New York Harbor Healthcare-Brooklyn Campus,7188366600,40.609263,-74.02399,,,,,,,,,,,,
Veterans Health Administration (VHA),2126867500,40.73647,-73.977732,,,,,,,,,,,,
Bramson ORT Technical Institute,7182615800,40.710257,-73.855817,,,,,,,,,,,,
Asian American Business Development Center,2129662786,40.705456,-74.007794,,,,,,,,,,,,
Harlem Tenants Council,,40.814258,-73.945214,,,,,,,,,,,,
Step Up Women's Network,6468333021,40.728561,-73.999939,,,,,,,,,,,,
Ackerman Institute for the Family,2128794900,40.774106,-73.95896,,,,,,,,,,,,
Advocates for Children of New York,2129479779,40.74789,-73.991053,,,,,,,,,,,,
AIDS Treatment Data Network,2122608868,40.725699,-73.996558,,,,,,,,,,,,
Alley Pond Environmental Center,7182294000,40.762929,-73.753865,,,,,,,,,,,,
Alpha Kappa Alpha - Epsilon Pi Omega Day Care Center,7183226242,40.673735,-73.794538,,,,,,,,,,,,
Alternatives to Violence Project,3158648210,,,,,,,,,,,,,,
American Foundation for Suicide Prevention - New York City Metro Chapter,5168694215,,,,,,,,,,,,,,
American Foundation for the Blind,8002325463,40.749402,-73.991775,,,,,,,,,,,,
Greater Jamaica Development Corporation,7182910282,40.705199,-73.799278,,,,,,,,,,,,
American Lung Association of City of New York,2128893370,40.707605,-74.00572,,,,,,,,,,,,
American Lyme Disease Foundation,,,,,,,,,,,,,,,
"American Mothers Inc.",2127552539,40.647133,-73.959402,,,,,,,,,,,,
American Parkinson's Disease Association,8002232732,40.598162,-74.083751,,,,,,,,,,,,
American Society of Women Accountants,2129283055,40.851887,-73.9379,,,,,,,,,,,,
American Woman's Economic Development Corporation,9173686100,40.752435,-73.972458,,,,,,,,,,,,
Amethyst Women's Project,7183332067,40.576497,-73.986036,,,,,,,,,,,,
Amnesty International USA,2128078400,40.751861,-73.993716,,,,,,,,,,,,
Amyotrophic Lateral Sclerosis Association - Greater New York Chapter,8006728857,40.707605,-74.00572,,,,,,,,,,,,
Archdiocesan Catholic Guild for the Blind,2123711000,40.757271,-73.963692,,,,,,,,,,,,
YWCA of New York City,2127359773,40.768483,-73.989177,,,,,,,,,,,,
Arthritis Foundation,2129848700,40.751601,-73.97645,,,,,,,,,,,,
ArtTable,2123431735,40.723843,-73.996356,,,,,,,,,,,,
Asian American Federation of New York,2123445878,40.70438,-74.006427,,,,,,,,,,,,
Cosmetic Executive Women Foundation - Cancer and Careers,2126855955,40.751728,-73.980084,,,,,,,,,,,,
Asian American Writers' Workshop,2124940061,40.747541,-73.986426,,,,,,,,,,,,
Asian Professional Extension,2127481225,40.748208,-73.992663,,,,,,,,,,,,
Creative Alternatives of New York,2122221969,40.796267,-73.969586,,,,,,,,,,,,
Credit Where Credit Is Due,2129275771,40.848615,-73.937447,,,,,,,,,,,,
Recreational Inner-City Sports & Education (RISE),7187234190,40.673769,-73.775951,,,,,,,,,,,,
Association for Neurologically Impaired and Brain Injured Children,7184239550,40.748401,-73.757802,,,,,,,,,,,,
Crown Heights Jewish Community Council,7187788808,40.665708,-73.942532,,,,,,,,,,,,
Association for the Advancement of Blind and Retarded,7183213800,40.784042,-73.845828,,,,,,,,,,,,
Crystal Quilt,2125297579,40.728496,-73.9986,,,,,,,,,,,,
Association for the Help of Retarded Children,2127802500,40.707443,-74.007607,,,,,,,,,,,,
Cypress Hills Local Development Corporation,7186472800,40.685981,-73.880918,,,,,,,,,,,,
Association of Junior Leagues International,2129518300,40.707116,-74.007329,,,,,,,,,,,,
Astella Development Corporation,7182664653,40.576703,-73.984006,,,,,,,,,,,,
Griot Circle,,40.68581,-73.980385,,,,,,,,,,,,
DAMAYAN Migrant Workers Association,2125646057,40.757285,-73.993922,,,,,,,,,,,,
Desmond Tutu Peace Foundation,2127505504,40.76452,-73.963893,,,,,,,,,,,,
Aviva Players Company Inc,2123622277,40.785398,-73.96927,,,,,,,,,,,,
Disabled in Action of Metropolitan New York,7182613737,,,,,,,,,,,,,,
Domestic and Other Violent Emergencies Program (DOVE),2123059060,40.764149,-73.955251,,,,,,,,,,,,
Dominico-American Society of Queens,7184575395,40.748426,-73.867955,,,,,,,,,,,,
The Door- A Center Of Alternatives,2129419090,40.723903,-74.00469,,,,,,,,,,,,
Center for Urban Community Services (CUCS),2128013300,40.801192,-73.937831,,,,,,,,,,,,
"Dream Yard Drama Project Inc.",7185888007,40.827784,-73.924766,,,,,,,,,,,,
Dress for Success,7189497179,40.688153,-73.776378,,,,,,,,,,,,
DRUM: Desi's Rising Up and Moving,7182053036,40.746761,-73.892171,,,,,,,,,,,,
Dwa Fanm,7182304027,,,,,,,,,,,,,,
East River Development Alliance,7187840877,40.755973,-73.942645,,,,,,,,,,,,
Foundation for Ethnic Understanding,,40.785754,-73.956609,,,,,,,,,,,,
"Gamma Phi Delta Sorority Inc",,,,,,,,,,,,,,,
Healthcare-NOW,,40.726055,-73.994545,,,,,,,,,,,,
"East Side House Inc.",7186655250,40.812322,-73.923486,,,,,,,,,,,,
Eastern Paralyzed Veterans Association,7188033782,40.765724,-73.892382,,,,,,,,,,,,
"Police Athletic League Inc.",,,,,,,,,,,,,,,
Policewomen's Endowment Association,6466105113,40.627008,-74.02364,,,,,,,,,,,,
Presbyterian Senior Services,2128746633,,,,,,,,,,,,,,
Professional Women in Construction,2124867745,40.758392,-73.965185,,,,,,,,,,,,
Project Enterprise (Harlem & The Bronx),2126786734,40.808523,-73.947278,,,,,,,,,,,,
"Project Reach Youth Inc.",7187680778,40.666966,-73.990448,,,,,,,,,,,,
"Providence House Inc.",7184550197,,,,,,,,,,,,,,
YWCA of Queens,7183534553,40.757857,-73.819077,,,,,,,,,,,,
"Ralph Lincoln Service Center Inc.",7186041358,40.669991,-73.925427,,,,,,,,,,,,
Reach to Recovery/American Cancer Society,7189878871,40.573488,-74.116955,,,,,,,,,,,,
Reading Excellence and Discovery (READ) Foundation,6468676100,40.707116,-74.007329,,,,,,,,,,,,
"Gay Lesbian and Straight Education Network",2127270135,40.703954,-74.011592,,,,,,,,,,,,
"Regional Aid For Interim Needs Inc.(R.A.I.N.)",7188925520,40.846052,-73.862177,,,,,,,,,,,,
Research Foundation of CUNY,2124178300,40.755802,-73.988482,,,,,,,,,,,,
Resources for Children with Special Needs,2126774650,40.73548,-73.98828,,,,,,,,,,,,
Ridgewood Bushwick Senior Citizens Council,7188210254,40.699372,-73.935647,,,,,,,,,,,,
Single Stop USA,2124802870,40.805258,-73.938875,,,,,,,,,,,,
"Rockaway Artist Alliance Inc.",7184740861,40.580701,-73.837704,,,,,,,,,,,,
Rockaway Development & Revitalization Corporation,7183275300,40.603907,-73.752262,,,,,,,,,,,,
"Rocking the Boat Inc.",7184665799,40.844905,-73.912743,,,,,,,,,,,,
"Roosevelt Island Youth Program Inc.",2129353645,40.760706,-73.951106,,,,,,,,,,,,
Arms Acres,7185201513,40.713686,-73.830505,,,,,,,,,,,,
Allen AME Preservation & Development Corporation,7186586660,,,,,,,,,,,,,,
Children and Adults with Attention-Deficit/Hyperactivity Disorder,2127210007,,,,,,,,,,,,,,
Children's Hope Foundation,2122335133,40.70627,-74.012909,,,,,,,,,,,,
Chinese American Parents Association,7183585578,40.759115,-73.834165,,,,,,,,,,,,
City Harvest,9173518700,40.754952,-73.991467,,,,,,,,,,,,
Community Resources Exchange,2128943394,40.70627,-74.012909,,,,,,,,,,,,
Family Focus Adoption Services,7182241919,40.766084,-73.725132,,,,,,,,,,,,
Family Violence Hotline,7182371337,40.764688,-73.978095,,,,,,,,,,,,
Fordham University,2126366000,40.860733,-73.889535,,,,,,,,,,,,
Fortune Society,2126917554,40.742266,-73.991252,,,,,,,,,,,,
HELP USA,2124007000,40.704923,-74.009046,,,,,,,,,,,,
Housing Works,3474737400,40.692217,-73.986665,,,,,,,,,,,,
Huairou Commission,7183888915,40.712105,-73.945709,,,,,,,,,,,,
America Works,2125995627,40.752355,-73.972266,,,,,,,,,,,,
Women's Sports Foundation,8002273988,,,,,,,,,,,,,,
All My Children Day Care Center,7186581563,40.716221,-73.789783,,,,,,,,,,,,
Allen Women's Resource Center,7187396200,,,,,,,,,,,,,,
Alpha Phi Alpha Senior Center,7185288238,40.695105,-73.740004,,,,,,,,,,,,
American Family Community Services,7186398370,40.747387,-73.889629,,,,,,,,,,,,
Human Rights Watch,2122161200,40.748342,-73.984643,,,,,,,,,,,,
Hunter College,2127724085,40.768973,-73.965367,,,,,,,,,,,,
American Indian Community House,2125980100,40.705354,-74.013731,,,,,,,,,,,,
American Red Cross,8777332767,40.764578,-73.993509,,,,,,,,,,,,
Huntington's Disease Society of America,2122421968,40.753047,-73.99285,,,,,,,,,,,,
Independence Residences,7188056796,40.693811,-73.851738,,,,,,,,,,,,
International Association of Administrative Professionals -- Bronx Chapter,2128398503,,,,,,,,,,,,,,
International League for Human Rights,2126610480,40.75141,-73.967954,,,,,,,,,,,,
Barrier Free Living,2126776668,40.720822,-73.980602,,,,,,,,,,,,
FACES NY,2122839180,,,,,,,,,,,,,,
Jewish Renaissance Center,2125809666,40.78576,-73.980146,,,,,,,,,,,,
Leukemia & Lymphoma Society/New York City Chapter,2124489206,40.745646,-73.982378,,,,,,,,,,,,
Lilith Magazine,2127570818,40.766391,-73.982119,,,,,,,,,,,,
Lower East Side Girls Club,2129821633,40.7236,-73.983296,,,,,,,,,,,,
"MA'YAN: Jewish Women's Project a program of the JCC of Manhattan",6465054440,40.781014,-73.979891,,,,,,,,,,,,
Mayer-Avedon Women's Support Group,,,,,,,,,,,,,,,
Callen Lorde Community Health Center,2122717200,40.742905,-74.00227,,,,,,,,,,,,
"Mirabal Sisters Cultural and Community Center Inc.",2122343002,40.824757,-73.952439,,,,,,,,,,,,
Mount Sinai Hospital of Queens,7182674265,40.765823,-73.931128,,,,,,,,,,,,
Guild for Exceptional Children - The Louis Boehm Diagnostic and Counseling Clinic,7188336633,40.636916,-74.026511,,,,,,,,,,,,
National AIDS Treatment Advocacy Project (NATAP),2122190106,40.724658,-73.997413,,,,,,,,,,,,
Harlem United Community AIDS Center,2125311300,40.807482,-73.946863,,,,,,,,,,,,
National Association of Women Artists,2126751616,40.735807,-73.993772,,,,,,,,,,,,
"Safe Space NYC Inc.",2122263536,40.724537,-73.995761,,,,,,,,,,,,
National Employment Law Project,2122853025,40.708988,-74.007654,,,,,,,,,,,,
New York Presbyterian Hospital,2123268540,40.764311,-73.971204,,,,,,,,,,,,
New York Public Library for the Performing Arts,,,,,,,,,,,,,,,
Parents and Friends of Lesbians and Gays-New York City (PFLAG-NYC),2124630629,,,,,,,,,,,,,,
Partnership for After School Education (PASE),2125712664,40.708546,-74.011041,,,,,,,,,,,,
Sakhi For South Asian Women,2128686741,40.74865,-73.988317,,,,,,,,,,,,
Phoenix House,7184651947,40.737685,-73.734021,,,,,,,,,,,,
Queers For Economic Justice,2125643608,40.747541,-73.986426,,,,,,,,,,,,
"Reserve Elder Service Inc",,40.688806,-73.992806,,,,,,,,,,,,
Physicians for Reproductive Choice and Health (PRCH),6463661890,40.752313,-73.983993,,,,,,,,,,,,
Robin Hood Foundation,2122276601,40.733326,-73.991077,,,,,,,,,,,,
Pratt Institute Center for Community Development (PICCED),7186363486,40.690074,-73.962747,,,,,,,,,,,,
Rosedale Senior Citizens Club,7185258899,,,,,,,,,,,,,,
"Samuel Field YM & YWHA Inc.",7182256750,40.761577,-73.723122,,,,,,,,,,,,
Sadie Nash Leadership Project,7184228664,40.694504,-73.993213,,,,,,,,,,,,
Postgraduate Center for Mental Health,2125764198,40.741238,-73.982974,,,,,,,,,,,,
School Settlement Associaton,7183891810,40.71645,-73.946734,,,,,,,,,,,,
Senior Action in a Gay Environment,,40.746817,-73.993655,,,,,,,,,,,,
Seniors Helping Seniors,2125439383,40.841264,-73.940223,,,,,,,,,,,,
Sephardic Community Youth Center,7186274300,40.60211,-73.966289,,,,,,,,,,,,
Service Fund of NOW-NY,2126279895,40.746638,-73.991963,,,,,,,,,,,,
"Sesame Flyers International Inc.",7186930500,40.651066,-73.944555,,,,,,,,,,,,
Shuang Wen Academy Network,2126029790,40.711549,-73.986542,,,,,,,,,,,,
Single Parent Resource Center,2129517030,40.752355,-73.972266,,,,,,,,,,,,
Sister Fund,2122604446,40.73548,-73.98828,,,,,,,,,,,,
"Small Business Development Center Baruch College",6463124786,,,,,,,,,,,,,,
Pragati,7184590914,40.713909,-73.832351,,,,,,,,,,,,
Sage: Senior Action in a Gay Environment,7185336459,40.746817,-73.993655,,,,,,,,,,,,
South Bronx Overall Economic Development Corporation,7185852600,40.815959,-73.916354,,,,,,,,,,,,
Saint John's Episcopal Hospital,7183182711,40.580046,-73.836421,,,,,,,,,,,,
South Queens Boys & Girls Club,7184416050,40.691903,-73.835613,,,,,,,,,,,,
Seedco,2124730255,40.739644,-73.989654,,,,,,,,,,,,
Pratt Area Community Council,7185222613,40.689566,-73.971524,,,,,,,,,,,,
Asociacion Tepeyac,2126337108,40.739167,-74.001119,,,,,,,,,,,,
Nav Nirmaan Foundation,7184784588,40.737456,-73.876222,,,,,,,,,,,,
New Life Community Development Corp.,,,,,,,,,,,,,,,
New York Armenian Home,,,,,,,,,,,,,,,
Manhattan Youth Recreation & Resources Center,,40.71187,-74.008217,,,,,,,,,,,,
National Association of University Women,,40.822211,-73.936399,,,,,,,,,,,,
National Association of Women Business Owners,,40.74726,-73.983316,,,,,,,,,,,,
National Eating Disorders Association,,40.758116,-73.983948,,,,,,,,,,,,
Alianza - National Latino Alliance for the Elimination of Domestic Violence,6466721404,,,,,,,,,,,,,,
New York Women's Bar Association,,40.758888,-73.974855,,,,,,,,,,,,
"Partnership with Children Inc.",,40.738548,-73.982495,,,,,,,,,,,,
"Southeast Bronx Neighborhood Center Inc. (SEBNC)",,40.823096,-73.902991,,,,,,,,,,,,
Southern Queens Park Association,,40.686284,-73.768455,,,,,,,,,,,,
"Sports and Arts In Schools Foundation Inc.",,40.741828,-73.907281,,,,,,,,,,,,
St Francis Xavier Youth Program,,40.674707,-73.978445,,,,,,,,,,,,
St Rosalia Regina Pacis NIA Youth Program,,40.627905,-74.006708,,,,,,,,,,,,
"St. Mary's Community Services Inc.",,40.692769,-73.960824,,,,,,,,,,,,
"St. Matthews & St. Timothys Neighborhood Center Inc.",,40.784358,-73.971224,,,,,,,,,,,,
St. Nicholas Neighborhood Preservation Corporation,,40.713264,-73.937387,,,,,,,,,,,,
St. Raymond Community Outreach,,40.840657,-73.85368,,,,,,,,,,,,
"Stanley M. Isaacs Neighborhood Center Inc.",,40.780904,-73.945112,,,,,,,,,,,,
"Stryckers Bay Neighborhood Council Inc.",,40.786667,-73.970479,,,,,,,,,,,,
"Sunnyside Community Service Inc.",,40.74519,-73.925909,,,,,,,,,,,,
Sunset Park Health Council,,40.646941,-74.02093,,,,,,,,,,,,
Supportive Childrens Advocacy Network (SCAN),,,,,,,,,,,,,,,
Susan G. Komen Breast Cancer Foundation,,40.755237,-73.992864,,,,,,,,,,,,
New York Work Alliance,2123440097,40.70618,-74.01125,,,,,,,,,,,,
Newcomers High School,7189376005,,,,,,,,,,,,,,
Polish & Slavic Center,7183835290,,,,,,,,,,,,,,
Puerto Rican Family Institute,7182750983,,,,,,,,,,,,,,
Quality Services for the Autism Community,7187288476,40.763702,-73.916265,1,22,63,Astoria                                                                    ,,,,,
Queens College,7189975700,40.738324,-73.814933,,,,,,,,,,,,
Queens Comprehensive Perinatal Council (QCPC),7182064357                                                             ,,,,,,,,
Queens Council on the Arts (QCA),7186473377,40.702513,-73.852566,,,,,,,,,,,,
Queens Legal Services Corporation - Disability Advocacy Project,7183925646,40.750167,-73.940947,,,,,,,,,,,,
South Asian Council for Social Services (SACSS),7183217929,40.750811,-73.81884,,,,,,,,,,,,
Queens College/Asian/American Center,7189973050,40.736707,-73.814703,,,,,,,,,,,,
Main Street Legal Services,7183404300,40.747818,-73.943583,,,,,,,,,,,,
Cornell Cooperative Extension,2123402995,40.748147,-73.983889,,,,,,,,,,,,
South Jamaica Center for Children and Parents,7185262500,40.688615,-73.785593,,,,,,,,,,,,
Catholic Migration Services,7186515490,40.742571,-73.91352,,,,,,,,,,,,
Center for Educational Innovation-Public Education Association,2123028800,40.755236,-73.98104,,,,,,,,,,,,
"Centro Hispano ""Cuzcatlan""",7182985083,40.706177,-73.808209,,,,,,,,,,,,
Chinese Christian Herald Crusades,7183211030,40.759543,-73.832255,,,,,,,,,,,,
Selfhelp,7189613660,40.751765,-73.820331,,,,,,,,,,,,
Reach to Recovery / American Cancer Society--Manhattan Division,2125868700,40.748957,-73.989797,,,,,,,,,,,,
Sexual Assault and Violence Intervention (SAVI) Program,2124232140,40.790443,-73.953793,,,,,,,,,,,,
Sista II Sista,7183662450,40.706111,-73.919226,,,,,,,,,,,,
Sistas on the Rise,7189916003,40.818827,-73.898604,,,,,,,,,,,,
"Small Business Development Center Kingsborough Community College",7183684619,,,,,,,,,,,,,,
South Brooklyn Business Outreach Center (BOC Network),7182535262,40.619583,-73.964202,,,,,,,,,,,,
St. John's Bread and Life,7185740058,40.690209,-73.92901,,,,,,,,,,,,
St. John's University,7189905262,40.725601,-73.791694,,,,,,,,,,,,
Staten Island Women's Bar Association (A chapter of the Women's Bar Association of the State of New York),9177767529,40.612832,-74.17516,,,,,,,,,,,,
Students Active for Ending Rape (SAFER),3472930953,40.703658,-73.989541,,,,,,,,,,,,
sue rock originals EVERYONE,3473658747,,,,,,,,,,,,,,
Support Center for Nonprofit Management,2129246744,40.746817,-73.993655,,,,,,,,,,,,
Sylvia Rivera Law Project,2123378550,40.747294,-73.997023,,,,,,,,,,,,
Taiwan Center,7184457007,40.763568,-73.829584,,,,,,,,,,,,
The Brecht Forum--New York Marxist School,2122424201,40.736351,-74.009995,,,,,,,,,,,,
The Brooklyn Childcare Collective,7183621792,40.68581,-73.980385,,,,,,,,,,,,
Young Survival Coalition,6462573000,40.706995,-74.012335,,,,,,,,,,,,
Workers Awaaz,7185650801,,,,,,,,,,,,,,
Youth Speaks New York,2126916590,,,,,,,,,,,,,,
Steinway Child and Family Services,7183895100,40.751329,-73.938791,,,,,,,,,,,,
"Japanese American Social Services Inc. (JASSI)",2124421541,40.710353,-74.004007,,,,,,,,,,,,
Ronald McDonald House,2126390100,40.768324,-73.955093,,,,,,,,,,,,
Museum of Modern Art,2124086347,40.761002,-73.977201,,,,,,,,,,,,
Chapin Home for the Aging,7187393990,40.714279,-73.801094,,,,,,,,,,,,
Wartburg Lutheran Services,7185252997,40.682709,-73.770707,,,,,,,,,,,,
Odyssey House of New York,2129875120,40.800885,-73.937059,,,,,,,,,,,,
Centers for Progress,7183803000,40.720166,-73.804182,,,,,,,,,,,,
International AIDS Prevention Initiative,2122262292,40.723217,-74.006227,,,,,,,,,,,,
Catholic Charities Builders for Family and Youth,7183583541,40.737014,-73.811198,,,,,,,,,,,,
New York Public Library: Andrew Heiskell Library for the Blind and Physically Handicapped,2122065400,40.740246,-73.992324,,,,,,,,,,,,
Families Anonymous,8007369805,,,,,,,,,,,,,,
New York City Gay and Lesbian Anti-Violence Project,2127141184,40.752171,-73.991377,,,,,,,,,,,,
"New York Service for Handicapped: Camp Oakhurst,2125334020,,,,,,,,,,,,,,
National Development and Research Institute,2128454400,40.686816,-73.794285,,,,,,,,,,,,
Brooklyn Center for Independence of the Disabled,7189983000,40.690776,-73.987711,,,,,,,,,,,,
Just Food,2126459880,40.756249,-73.969853,,,,,,,,,,,,
Little Flower Children and Family Services of New York,7185269150,40.706167,-73.798839,,,,,,,,,,,,
Citizens Union Foundation,2122270342,40.715046,-74.005591,,,,,,,,,,,,
Osborne Association: Fresh Start,7186376560,40.693307,-73.991634,,,,,,,,,,,,
Asian American Arts Alliance,2129417978,40.725248,-74.004412,,,,,,,,,,,,
Chinese-American Arts Council,2123340084,40.720602,-74.000848,,,,,,,,,,,,
National Hemophilia Foundation,8004242634,40.74882,-73.989472,,,,,,,,,,,,
Church of the Holy Apostles,2129240167,40.74912,-73.999401,,,,,,,,,,,,
New York Foundation for Senior Citizens,2129627559,40.712828,-74.008296,,,,,,,,,,,,
Asian American Bar Association of New York,7182287206,,,,,,,,,,,,,,
Queensboro Council for Social Welfare,7184648811,40.71974,-73.73296,40.71974,Queens Village                                                             ,,,,,,,,,,,
LaGuardia Community College Workforce Education Center,7184825340,,,,,,,,,,,,,,
New York Academy of Medicine,2128227315,40.792101,-73.952174,,,,,,,,,,,,
Disabled and Alone Life Services for the Handicapped,8009950066,40.706995,-74.012335,,,,,,,,,,,,
Mental Health Association of New York City,8005433638,40.706449,-74.012761,,,,,,,,,,,,
Compassionate Friends,2122179647,40.745457,-73.987196,,,,,,,,,,,,
Boys Club of New York,7188865454,40.756645,-73.831024,,,,,,,,,,,,
Myasthenia Gravis Foundation,5165380738,,,,,,,,,,,,,,
National Alliance for the Mentally Ill,5163260797,,,,,,,,,,,,,,
National Association for Visually Handicapped,2128893141,40.740657,-73.991473,,,,,,,,,,,,
International Dyslexia Association,2126911930,40.742441,-73.991667,,,,,,,,,,,,
Juvenile Diabetes Foundation International: New York Chapter,2126892860,40.744257,-73.98341,,,,,,,,,,,,
East Harlem Tutorial Program,2128310650,,,,,,,,,,,,,,
Bottomless Closet,2125632499,40.750009,-73.991327,,,,,,,,,,,,
TAPS (Tragedy Assistance Program for Survivors),2025888277,,,,,,,,,,,,,,
Amnesty International,2128071451,,,,,,,,,,,,,,
Voces Latinas,7185934528,40.744161,-73.914709,,,,,,,,,,,,
Brooklyn Children's Museum,7187354402,40.674773,-73.944464,,,,,,,,,,,,
Asian-Indian Women in America,7185916511,40.719087,-73.811999,,,,,,,,,,,,
Audre Lorde Project,7185960342,40.686918,-73.973563,,,,,,,,,,,,
Bridge Street Development Corporation,7183990146,40.68316,-73.950143,,,,,,,,,,,,
Bronx HIV Care Network,7186657900,,,,,,,,,,,,,,
CAAAV: Organizing Asian Communities,7182207391,40.861467,-73.896236,,,,,,,,,,,,
Campaign to End the Death Penalty,3478532758,,,,,,,,,,,,,,
"CancerCare Inc.",8008134673,40.745743,-73.994435,,,,,,,,,,,,
"Center for Battered Women's Legal Services Sanctuary for Families",2123496009,40.715049,-74.008185,,,,,,,,,,,,
Center for Immigrant Families (CIF),2125313011,40.796987,-73.9616,,,,,,,,,,,,
Center for Women in Government and Civil Society,5184423900,,,,,,,,,,,,,,
Center for Women of New York,7187930672,40.713329,-73.828601,,,,,,,,,,,,
Ceres Gallery,2122264725,40.724743,-73.997341,,,,,,,,,,,,
Chinese American Planning Council,2129410920,40.7203,-73.995083,,,,,,,,,,,,
City Parks Foundation,2123601399,40.767711,-73.970516,,,,,,,,,,,,
"Civic Association Serving Harlem Inc (C.A.S.H.)",2128645850,40.809673,-73.954061,,,,,,,,,,,,
"Claremont Neighborhood Centers Inc.",7185881000,40.832965,-73.905669,,,,,,,,,,,,
Coalition for Asian American Children & Families,2128094675,40.705689,-74.011455,,,,,,,,,,,,
Advertising Women of New York,2122217969,40.755854,-73.980516,,,,,,,,,,,,
American Foundation for AIDS Research (amfAR),2128061600,40.70438,-74.006427,,,,,,,,,,,,
"100 Hispanic Women Inc.",2122391430,40.707657,-74.007758,,,,,,,,,,,,
163rd Street Improvement Council,7186206007,40.832923,-73.901054,,,,,,,,,,,,
"68th Precinct Youth Council Inc.",7186806179,40.638827,-74.022721,,,,,,,,,,,,
92nd Street YM-YMHA,2124155500,,,,,,,,,,,,,,
ACLU LGBT & AIDS Project,2125492627,,,,,,,,,,,,,,
A.C.L.U. Women's Rights Project,2125492668,,,,,,,,,,,,,,
"Action Center for Education and Community Development Inc",7183375040,,,,,,,,,,,,,,
"Adolescent and Family Comprehensive Services Inc.",7182992327,40.851686,-73.911487,,,,,,,,,,,,
Afrikan Poetry Theatre Inc.,7185233312,40.707941,-73.784233,,,,,,,,,,,,
"Agudath Israel of America Community Services Inc.",2127979000,40.70627,-74.012909,,,,,,,,,,,,
Ali Forney Center,2122223427,40.752034,-73.991053,,,,,,,,,,,,
"Alianza Dominicana Inc.",2127401960,40.847177,-73.93159,,,,,,,,,,,,
American Friends Service Committee - Conflict Resolution Program,2125980950,,,,,,,,,,,,,,
"American Italian Coalition of Organizations Inc.",7182563445,40.684137,-73.995053,,,,,,,,,,,,
"Amistad Early Childhood Educational Center Inc.",7182623221,40.693627,-73.786987,,,,,,,,,,,,
AMIT,2124774720,,,,,,,,,,,,,,
ARC XVI Fort Washington Inc.,2127815700,40.845128,-73.938763,,,,,,,,,,,,
Armenian International Women's Association,6179260171,,,,,,,,,,,,,,
Children's Safety Project,2122424140,,,,,,,,,,,,,,
"Arthur Ashe Institute for Urban Health Inc",7182702600,40.655743,-73.944598,,,,,,,,,,,,
Asian American Legal Defense and Education Fund,2129665932,40.719133,-74.008741,,,,,,,,,,,,
Asian Americans for Equality,2129798381,40.718954,-73.987056,,,,,,,,,,,,
"Asociaciones Dominicanas Inc",7185992386,40.706403,-73.950356,,,,,,,,,,,,
"Aspira of New York Inc.",7185992386,40.753612,-73.992417,,,,,,,,,,,,
"Associated Beth Rivkah Schools Inc",7185992386,40.666214,-73.9496,,,,,,,,,,,,
Associated Blind,2126834950,,,,,,,,,,,,,,
Asthma/Emphysema Self-Help Group,2127770486,,,,,,,,,,,,,,
Astraea Lesbian Foundation for Justice,2125298021,,,,,,,,,,,,,,
"Casita Maria Inc.",7185892230,40.82062,-73.893084,,,,,,,,,,,,
Audubon Partnership for Economic Development LDC,2125442400,40.865037,-73.919496,,,,,,,,,,,,
Autism Society of America - Queens County Chapter,7184635735,,,,,,,,,,,,,,
Bay Community Volunteer Ambulance Corps,7183522080,,,,,,,,,,,,,,
Baychester Youth Council,7183259484,,,,,,,,,,,,,,
Bedford Stuyvesant Restoration Corporation,7186366902,40.680175,-73.945717,,,,,,,,,,,,
Be'er Hagolah Institutes,7186426800,40.645638,-73.883643,,,,,,,,,,,,
Bellevue Hospital Rape Crisis,,,,,,,,,,,,,,,
Bergen Basin Community Development Corp.,7184440101,40.618831,-73.899992,,,,,,,,,,,,
"Bergen Beach Youth Organization Inc.",7185316600,40.61818,-73.899284,,,,,,,,,,,,
Betances Health Center,2122278401,,,,,,,,,,,,,,
Children's Scholarship Fund,2125157100,,,,,,,,,,,,,,
Beth Abraham Health Services,7185195870,40.865365,-73.87,,,,,,,,,,,,
Better Business Bureau of Metropolitan New York,2125336200,,,,,,,,,,,,,,
Bezalel Nursing Home,7184712600,,,,,,,,,,,,,,
Big Brothers/Big Sisters Inc. of NYC,2126862042,40.742923,-73.979253,,,,,,,,,,,,
Big Apple Greeter,2126698159,,,,,,,,,,,,,,
Big Five Block Association Inc.,7187748203,40.66771,-73.957331,,,,,,,,,,,,
Bnos Bais Yaakov,7183376000,40.601396,-73.745299,,,,,,,,,,,,
Bleuler Psychotherapy Center,7182756010,,,,,,,,,,,,,,
Boro Park Jewish Community Council,7189726600,40.636595,-73.990502,,,,,,,,,,,,
"Brooklyn Child and Family Services Inc.",7188758019,40.688807,-73.979375,,,,,,,,,,,,
"Boys & Girls Harbor Inc",2124272244,40.792888,-73.951826,,,,,,,,,,,,
Bread and Roses,2127670025,40.761399,-73.987896,,,,,,,,,,,,
Breast Examination Center of Harlem,2125318030,40.764199,-73.955695,,,,,,,,,,,,
Bridge to Life,7184631810,,,,,,,,,,,,,,
Bronx Arts Ensemble,7186017399,40.884706,-73.889991,,,,,,,,,,,,
"Bronx Community Pride Center Inc.",7182924368,40.815377,-73.916026,,,,,,,,,,,,
"Bronx Council On The Arts Inc.",7189319500,40.848065,-73.854058,,,,,,,,,,,,
Bronx Health Link,7185902648,40.825999,-73.923131,,,,,,,,,,,,
Brooklyn College Women's Center,7189515777,,,,,,,,,,,,,,
"Brooklyn Housing and Family Services Inc.",7184357585,40.64551,-73.976296,,,,,,,,,,,,
Brooks Senior Center,7182913935,,,,,,,,,,,,,,
Brooklyn Women's Services,7187481234,,,,,,,,,,,,,,
"Bushwick Community Action Association Inc.",7185740130,40.689834,-73.904137,,,,,,,,,,,,
Bushwick Geographic Targeting Task Force,7185745100,40.696181,-73.920172,,,,,,,,,,,,
Cabrini Center for Nursing and Rehabilitation,2123586385,,,,,,,,,,,,,,
Cammy Lee Leukemia Foundation,2122902757,,,,,,,,,,,,,,
Caribbean Women Uniting For Social and Political Action (CWUSPA),7184349733,,,,,,,,,,,,,,
Carroll Gardens Neighborhood Women,7186243475,,,,,,,,,,,,,,
"Catholic Charities Community Service Archdiocese of N Y",2123711000,40.757271,-73.963692,,,,,,,,,,,,
"Catholic Charities Neighborhood Services Inc.",7187226023,40.692671,-73.991785,,,,,,,,,,,,
Center for Alternative Sentencing and Employment Services,2125536349,40.716696,-74.004163,,,,,,,,,,,,
Center for Comprehensive Care,2125236050,40.805841,-73.961751,,,,,,,,,,,,
Center for Constitutional Rights,2126146464,,,,,,,,,,,,,,
Center for Employment Opportunities,2124224430,40.706089,-74.01306,,,,,,,,,,,,
Central Astoria Local Development Coalition,7187287820,,,,,,,,,,,,,,
Central Brooklyn Economic Development Corporation,7184984513,40.670104,-73.913812,,,,,,,,,,,,
Chabad Lubavitch of West Brighton,7189469833,40.577413,-73.968267,,,,,,,,,,,,
Chai Lifeline,8772424543,,,,,,,,,,,,,,
Chambers Memorial for Social Change,2122896606,40.802141,-73.93614,,,,,,,,,,,,
Child Care Action Campaign,2122390138,,,,,,,,,,,,,,
Child Development Center of the Mosholu Montefiore Community Center,7188824000,40.881486,-73.881226,,,,,,,,,,,,
Childrens Art Carnival,2122344093,40.823075,-73.946309,,,,,,,,,,,,
Children's Choice Family Services,7182402620,40.69155,-73.927772,,,,,,,,,,,,
CineWomen NY,2126044264,,,,,,,,,,,,,,
"Citizens' Committee for Children of New York Inc.",2126731800,40.739265,-73.986215,,,,,,,,,,,,
Chinese Staff and Workers Association,2126197979,,,,,,,,,,,,,,
City University of New York,7183404300,,,,,,,,,,,,,,
Coalition for Hispanic Family Services,7184976090,40.700045,-73.911981,,,,,,,,,,,,
Coalition for the Homeless,2127762000,,,,,,,,,,,,,,
Coalition of Ethiopian Women for Mutual Support,2129860749,,,,,,,,,,,,,,
Coalition of Labor Union Women,7185953843,40.706493,-74.012725,,,,,,,,,,,,
College Point Community Ambulance Corps,7183530199,,,,,,,,,,,,,,
Community Solutions,,40.728816,-73.990067,,,,,,,,,,,,
Coalition for Women Prisoners,2122545700,40.808639,-73.948582,,,,,,,,,,,,
Committee on the Status of Women in the Profession--Modern Language Association,6565765000,40.70568,-74.013302,,,,,,,,,,,,
Common Cause New York,2126916421,40.725248,-74.004412,,,,,,,,,,,,
"Community Counseling & Mediation Service Inc.",7188020666,40.690419,-73.98519,,,,,,,,,,,,
Community Environmental Center,7187841444,,,,,,,,,,,,,,
Community Healthcare Network: Teen PACT Program,7183877341,,,,,,,,,,,,,,
"Community League of the Heights Inc",2127954779,40.834279,-73.941537,,,,,,,,,,,,
"Community Mediation Services Inc.",7185236868,40.70664,-73.798033,,,,,,,,,,,,
Community Impact/Columbia University,2128542617,40.808144,-73.961858,,,,,,,,,,,,
Community Resources and Services for Children,7182063400,,,,,,,,,,,,,,
Community Service Center Area IV,7185740873,40.691765,-73.928327,,,,,,,,,,,,
"Community Training and Resource Center Inc.",,40.673345,-73.976211,,,,,,,,,,,,
Community Voices Heard,2128606001,40.792631,-73.947168,,,,,,,,,,,,
"Concord Family Services Inc.",7183983499,40.681559,-73.95354,,,,,,,,,,,,
Congregation Beth Simchat Torah,2129299498,,,,,,,,,,,,,,
Cooper Square Community Development & Business Association,2122288210,40.726755,-73.990735,,,,,,,,,,,,
Corona Community Volunteer Ambulance Corps,7185927964,,,,,,,,,,,,,,
Corporate Angel Network,9143281313,,,,,,,,,,,,,,
Cosmetic Executive Women,2127172415,40.751728,-73.980084,,,,,,,,,,,,
"Council of Neighborhood Organizations Inc.",7188530100,40.643053,-73.990649,,,,,,,,,,,,
"Educational Alliance Inc.",2127802300,40.714219,-73.988219,,,,,,,,,,,,
"Covenant House New York/Under 21 Inc.",2126130300,40.758655,-73.995116,,,,,,,,,,,,
Critical Resistance,7186761660,40.817303,-73.897902,,,,,,,,,,,,
Daytop Village,2123546000,40.752909,-73.983534,,,,,,,,,,,,
Delta Sigma Theta Sorority,9172245399,,,,,,,,,,,,,,
"Drisha Institute for Jewish Education Inc",2125950307,40.772281,-73.980363,,,,,,,,,,,,
East Bronx NAACP Day Care Center,7186172900,40.82629,-73.881509,,,,,,,,,,,,
East Harlem Council For Community Improvement,7182991101,40.846109,-73.904721,,,,,,,,,,,,
"East Harlem Employment Services Inc.",2129872727,40.801647,-73.935017,,,,,,,,,,,,
"Eastern Queens Alliance Inc.",2126780037,40.812652,-73.955623,,,,,,,,,,,,
Echoing Green Foundation,2126891165,40.752657,-73.99311,,,,,,,,,,,,
ECPAT-USA,7189359192,40.694504,-73.993213,,,,,,,,,,,,
Families and Work Institute,2124652044,,,,,,,,,,,,,,
The Educational Equity Center at The Academy for Educational Development,2122431110,40.736881,-73.992992,,,,,,,,,,,,
"Educators for Children Youth and Families",7182300079,40.679802,-73.968082,,,,,,,,,,,,
El Puente De Williamsburg,7183870404,40.710686,-73.959655,,,,,,,,,,,,
Elizabeth Seton Women's Center,2125793657,,,,,,,,,,,,,,
ELPIDES,7189322879,40.742803,-73.984468,,,,,,,,,,,,
Empire State Pride Agenda,2126270305,40.741214,-73.990884,,,,,,,,,,,,
Employment Program for Recovered Alcoholics,2129471471,,,,,,,,,,,,,,
Emunah of America,,40.74879,-73.992244,,,,,,,,,,,,
EngenderHealth,2125618000,40.753717,-73.996051,,,,,,,,,,,,
"Episcopal Social Services of New York Inc.",2128865601,40.746817,-73.993655,,,,,,,,,,,,
Equality NOW,2125860906,40.766391,-73.982119,,,,,,,,,,,,
Faith Hope and Charity,7183423700,40.66168,-73.893433,,,,,,,,,,,,
Families Together in New York State,8883268644,,,,,,,,,,,,,,
Family and Community Support Services,,40.674647,-73.930577,,,,,,,,,,,,
"Federation Employment and Guidance Service Inc.",2123668401,40.72631,-74.00749,,,,,,,,,,,,
Federation of Italian-American Organizations of Brooklyn,7182592829,40.61389,-73.995465,,,,,,,,,,,,
The Feminist Press at CUNY,2128177929,40.748822,-73.984268,,,,,,,,,,,,
"Filipino American Human Services Inc.",7188831295,40.714311,-73.776886,,,,,,,,,,,,
Financial Women International,2123557598,,,,,,,,,,,,,,
"First Saturday in October Inc.",7185907789,,,,,,,,,,,,,,
"Flatbush Action Community Day Care Center Inc.",7186939891,40.655937,-73.955515,,,,,,,,,,,,
Flowers With Care Youth Services,7187269790,40.69264,-73.991677,,,,,,,,,,,,
Flushing Christian School,7184453533,,,,,,,,,,,,,,
Flushing Community Volunteer Ambulance Corps.,7183834965,,,,,,,,,,,,,,
Forest Hills Volunteer Ambulance Corps,7187932055,,,,,,,,,,,,,,
Forest Park Rangers Inc.,7182962142,40.687057,-73.857054,,,,,,,,,,,,
"Fort Greene Senior Citizen Council Inc.",7186386910,40.682487,-73.962178,,,,,,,,,,,,
"Fort Washington Houses Services for the Elderly Inc.",2129275600,40.83851,-73.943738,,,,,,,,,,,,
Fresh Youth Initiatives,2127811113,40.841854,-73.935885,,,,,,,,,,,,
Friends of Crown Heights Educational Center,7186388686,40.674695,-73.954594,,,,,,,,,,,,
Friends of Island Academy,2127600755,40.755139,-73.992669,,,,,,,,,,,,
Freedom From Fear Organization,7183511717,,,,,,,,,,,,,,
Freedom Institute,2128380044,,,,,,,,,,,,,,
Friends and Relatives of Institutionalized Aged,2127324455,,,,,,,,,,,,,,
Fundacion Dominicana Culturarte de New York,2129288100,40.847052,-73.933578,,,,,,,,,,,,
Gamblers Anonymous,8776642469,,,,,,,,,,,,,,
George C. Conliffe Child Care Center,7187781498,40.673175,-73.929039,,,,,,,,,,,,
Girl Scouts of the USA,2128528000,,,,,,,,,,,,,,
"Girls Club of New York Inc.",7185904050,,,,,,,,,,,,,,
Glenridge Senior Citizen Center,7183865136,,,,,,,,,,,,,,
Global Alliance for Women's Health,2122860424,,,,,,,,,,,,,,
Global Kids,2122260130,40.740676,-73.983512,,,,,,,,,,,,
Goddard-Riverside Community Center,2128736600,40.788242,-73.970904,,,,,,,,,,,,
Goodwill Industries of Greater New York,7187776315,40.774582,-73.932957,,,,,,,,,,,,
Greater Astoria Historical Society,7182780700,,,,,,,,,,,,,,
Greater Chinatown Community Association,2123741311,40.714459,-73.999347,,,,,,,,,,,,
"Greater Ridgewood Youth Council Inc.",7184565437,,,,,,,,,,,,,,
Green Chimneys Children's Services,2126777288,,,,,,,,,,,,,,
Greenwich Village Youth Council,6464695787,,,,,,,,,,,,,,
"Groundwork Inc,",7183462200,40.669138,-73.896853,,,,,,,,,,,,
"Growth and Development Services Inc",2127407040,40.842571,-73.942097,,,,,,,,,,,,
Haitian American Day Care Center,7187560253,40.671739,-73.954672,,,,,,,,,,,,
Harlem Branch YWCA/NYC,2127359748,,,,,,,,,,,,,,
"Harlem Educational Activities Fund Inc.",2126639732,40.808639,-73.948582,,,,,,,,,,,,
Heartshare Human Services,7184224200,40.694616,-73.987191,,,,,,,,,,,,
Helen Keller Services for the Blind,7185222122,,,,,,,,,,,,,,
"Hemophilia Association of New York Inc.",2126825510,,,,,,,,,,,,,,
"Henry Street Settlement Inc.",2127669200,40.713857,-73.984532,,,,,,,,,,,,
Hetrick-Martin Institute,2126742400,,,,,,,,,,,,,,
Hispanic Employment Day-Women Working For A Better Community,7184553988,40.69537,-73.917486,,,,,,,,,,,,
"Homecrest Community Services Inc",7183764036,40.60102,-73.957543,,,,,,,,,,,,
Homes for the Homeless,2125295252,,,,,,,,,,,,,,
Hope for New York,2128084460,,,,,,,,,,,,,,
Hudson Guild,2127609800,40.749196,-74.001815,,,,,,,,,,,,
Human Ecology Action League (HEAL),2125175937,,,,,,,,,,,,,,
